t,pair,direction,price,ext,shifts,smt,who
2022-01-13 12:25:00+00:00,EURUSD,1,1.14637,1.14531,3,cont,eu+gu+dxy
2022-01-13 12:30:00+00:00,EURUSD,1,1.1467,1.14531,3,noref,gu
2022-01-13 12:35:00+00:00,EURUSD,1,1.14665,1.14531,3,noref,eu
2022-01-13 12:40:00+00:00,EURUSD,1,1.1466,1.14531,1,noref,eu
2022-01-26 08:20:00+00:00,EURUSD,-1,1.12931,1.1296,0,smt,eu+gu
2022-01-28 08:15:00+00:00,EURUSD,-1,1.113,1.11388,2,smt,eu
2022-01-31 09:30:00+00:00,GBPUSD,1,1.34351,1.34289,2,smt,eu
2022-01-31 09:35:00+00:00,GBPUSD,1,1.34383,1.34289,2,cont,eu+gu+dxy
2022-01-31 09:40:00+00:00,GBPUSD,1,1.34412,1.34289,3,cont,eu+gu+dxy
2022-02-03 09:00:00+00:00,EURUSD,-1,1.1295,1.13024,1,smt,eu+dxy
2022-02-04 14:35:00+00:00,GBPUSD,-1,1.35229,1.35315,2,smt,eu+dxy
2022-02-04 14:40:00+00:00,GBPUSD,-1,1.35235,1.35315,1,none,none
2022-02-15 13:05:00+00:00,GBPUSD,-1,1.3544,1.35496,2,cont,eu+gu+dxy
2022-02-17 09:40:00+00:00,GBPUSD,1,1.3604,1.35763,2,noref,eu
2022-02-18 13:00:00+00:00,EURUSD,-1,1.13602,1.13682,3,cont,eu+gu+dxy
2022-02-23 12:55:00+00:00,EURUSD,-1,1.13397,1.13488,3,smt,eu+gu
2022-02-23 13:00:00+00:00,EURUSD,-1,1.13374,1.13488,3,smt,eu+gu
2022-03-01 09:35:00+00:00,EURUSD,-1,1.12163,1.12295,3,smt,dxy
2022-03-01 09:40:00+00:00,EURUSD,-1,1.12071,1.12295,3,smt,dxy
2022-03-01 12:00:00+00:00,EURUSD,-1,1.11756,1.11862,1,smt,dxy
2022-03-01 12:05:00+00:00,EURUSD,-1,1.11799,1.11862,1,none,none
2022-03-01 12:10:00+00:00,EURUSD,-1,1.11754,1.11862,1,smt,eu
2022-03-02 08:00:00+00:00,EURUSD,-1,1.10933,1.11126,2,cont,eu+gu+dxy
2022-03-07 14:05:00+00:00,GBPUSD,-1,1.31717,1.32012,2,cont,eu+gu+dxy
2022-03-10 14:00:00+00:00,GBPUSD,-1,1.31771,1.31825,2,cont,eu+gu+dxy
2022-03-14 07:15:00+00:00,EURUSD,1,1.09142,1.09105,1,smt,eu+gu
2022-03-14 07:20:00+00:00,EURUSD,1,1.09148,1.09105,1,smt,eu+gu
2022-03-14 07:25:00+00:00,EURUSD,1,1.09197,1.09105,3,smt,eu+gu
2022-03-15 13:15:00+00:00,EURUSD,-1,1.09909,1.10041,2,noref,gu
2022-03-24 13:25:00+00:00,GBPUSD,-1,1.31835,1.31989,2,cont,eu+gu+dxy
2022-03-28 12:00:00+00:00,GBPUSD,-1,1.31551,1.31591,1,cont,eu+gu+dxy
2022-03-28 12:05:00+00:00,GBPUSD,-1,1.31537,1.31591,1,noref,dxy
2022-03-28 12:10:00+00:00,GBPUSD,-1,1.31452,1.31591,1,noref,dxy
2022-03-31 11:45:00+00:00,GBPUSD,-1,1.31231,1.31282,1,none,none
2022-03-31 11:50:00+00:00,GBPUSD,-1,1.31239,1.31282,1,none,none
2022-04-05 08:00:00+00:00,EURUSD,-1,1.09755,1.09806,1,cont,eu+gu+dxy
2022-04-05 08:05:00+00:00,EURUSD,-1,1.09767,1.09806,0,noref,eu
2022-04-05 08:10:00+00:00,EURUSD,-1,1.09774,1.09806,0,cont,eu+gu+dxy
2022-04-05 11:00:00+00:00,EURUSD,-1,1.09782,1.09853,1,smt,eu+gu
2022-04-08 07:05:00+00:00,GBPUSD,-1,1.3064,1.30736,1,cont,eu+gu+dxy
2022-04-08 07:10:00+00:00,GBPUSD,-1,1.306,1.30736,1,cont,eu+gu+dxy
2022-04-08 07:15:00+00:00,GBPUSD,-1,1.30607,1.30736,1,cont,eu+gu+dxy
2022-04-08 07:20:00+00:00,GBPUSD,-1,1.30618,1.30736,1,cont,eu+gu+dxy
2022-04-08 12:05:00+00:00,GBPUSD,-1,1.30387,1.30518,3,cont,eu+gu+dxy
2022-04-08 12:10:00+00:00,GBPUSD,-1,1.30384,1.30518,3,cont,eu+gu+dxy
2022-04-11 07:10:00+00:00,GBPUSD,-1,1.30146,1.30226,3,cont,eu+gu+dxy
2022-04-26 07:05:00+00:00,EURUSD,-1,1.07277,1.07343,2,none,none
2022-05-03 07:00:00+00:00,GBPUSD,-1,1.25152,1.25224,3,none,none
2022-05-05 12:05:00+00:00,GBPUSD,-1,1.24938,1.25795,1,smt,gu
2022-05-05 12:10:00+00:00,GBPUSD,-1,1.24827,1.25795,1,smt,gu
2022-05-05 12:15:00+00:00,GBPUSD,-1,1.24574,1.25795,1,smt,eu+gu
2022-05-05 12:20:00+00:00,GBPUSD,-1,1.24575,1.25795,1,smt,eu+gu
2022-05-13 12:55:00+00:00,EURUSD,-1,1.0384,1.03982,2,none,none
2022-05-18 07:20:00+00:00,GBPUSD,-1,1.24715,1.2496,2,cont,eu+gu+dxy
2022-05-24 12:30:00+00:00,EURUSD,1,1.07092,1.0702,1,cont,eu+gu+dxy
2022-05-24 12:35:00+00:00,EURUSD,1,1.07091,1.0702,2,cont,eu+gu+dxy
2022-05-26 13:00:00+00:00,EURUSD,1,1.07055,1.07055,0,smt,eu+gu
2022-05-30 11:35:00+00:00,EURUSD,1,1.07661,1.07569,3,cont,eu+gu+dxy
2022-05-30 11:40:00+00:00,EURUSD,1,1.07688,1.07569,3,cont,eu+gu+dxy
2022-05-30 11:45:00+00:00,EURUSD,1,1.07734,1.07569,3,smt,gu+dxy
2022-06-08 13:40:00+00:00,EURUSD,1,1.0728,1.07188,3,cont,eu+gu+dxy
2022-06-14 12:10:00+00:00,GBPUSD,-1,1.20869,1.21146,1,smt,eu+dxy
2022-06-14 12:15:00+00:00,GBPUSD,-1,1.20921,1.21146,1,smt,eu+dxy
2022-06-15 12:30:00+00:00,EURUSD,-1,1.04816,1.04892,1,cont,eu+gu+dxy
2022-06-15 12:35:00+00:00,EURUSD,-1,1.04791,1.04892,1,cont,eu+gu+dxy
2022-06-16 11:10:00+00:00,EURUSD,-1,1.04015,1.04242,1,cont,eu+gu+dxy
2022-06-20 08:30:00+00:00,EURUSD,1,1.05223,1.05134,3,cont,eu+gu+dxy
2022-06-21 12:35:00+00:00,EURUSD,1,1.05553,1.05442,2,noref,gu
2022-06-21 12:40:00+00:00,EURUSD,1,1.05541,1.05442,2,noref,gu
2022-06-21 12:45:00+00:00,EURUSD,1,1.05564,1.05442,2,noref,gu
2022-06-21 12:50:00+00:00,EURUSD,1,1.05506,1.05442,3,noref,gu
2022-06-21 13:20:00+00:00,EURUSD,1,1.05526,1.05457,2,smt,eu+dxy
2022-06-21 13:25:00+00:00,EURUSD,1,1.05596,1.05457,2,noref,dxy
2022-06-23 11:10:00+00:00,EURUSD,-1,1.05061,1.05187,1,smt,eu+dxy
2022-06-23 11:15:00+00:00,EURUSD,-1,1.05082,1.05187,1,smt,eu+dxy
2022-06-23 11:20:00+00:00,EURUSD,-1,1.05137,1.05187,1,smt,eu+dxy
2022-06-23 11:25:00+00:00,EURUSD,-1,1.05175,1.05187,1,smt,eu+dxy
2022-06-23 11:35:00+00:00,EURUSD,-1,1.05127,1.05218,3,smt,eu+dxy
2022-06-27 12:05:00+00:00,GBPUSD,-1,1.22733,1.22863,3,smt,eu+gu
2022-06-27 12:10:00+00:00,GBPUSD,-1,1.22708,1.22863,3,smt,eu+gu
2022-06-27 12:15:00+00:00,GBPUSD,-1,1.22678,1.22863,3,cont,eu+gu+dxy
2022-07-04 07:00:00+00:00,EURUSD,-1,1.04328,1.0434,1,cont,eu+gu+dxy
2022-07-04 07:05:00+00:00,EURUSD,-1,1.04377,1.0434,0,smt,eu+dxy
2022-07-04 07:15:00+00:00,EURUSD,-1,1.04306,1.04385,3,smt,eu+dxy
2022-07-05 08:10:00+00:00,EURUSD,-1,1.04144,1.04395,3,cont,eu+gu+dxy
2022-07-06 08:05:00+00:00,EURUSD,-1,1.02562,1.02765,2,cont,eu+gu+dxy
2022-07-06 08:10:00+00:00,EURUSD,-1,1.02599,1.02765,2,cont,eu+gu+dxy
2022-07-06 08:15:00+00:00,EURUSD,-1,1.02583,1.02765,2,cont,eu+gu+dxy
2022-07-06 08:20:00+00:00,EURUSD,-1,1.02596,1.02765,2,cont,eu+gu+dxy
2022-07-08 11:35:00+00:00,GBPUSD,-1,1.19826,1.19945,1,cont,eu+gu+dxy
2022-07-08 11:40:00+00:00,GBPUSD,-1,1.19857,1.19945,1,cont,eu+gu+dxy
2022-07-08 11:45:00+00:00,GBPUSD,-1,1.19961,1.19945,0,cont,eu+gu+dxy
2022-07-08 11:50:00+00:00,GBPUSD,-1,1.19895,1.19945,0,smt,eu+gu
2022-07-08 12:45:00+00:00,EURUSD,1,1.01471,1.01358,2,cont,eu+gu+dxy
2022-07-08 12:50:00+00:00,EURUSD,1,1.01562,1.01358,2,cont,eu+gu+dxy
2022-07-13 08:15:00+00:00,EURUSD,-1,1.0037,1.00467,0,smt,eu+dxy
2022-07-13 08:20:00+00:00,EURUSD,-1,1.00269,1.00529,2,smt,eu+dxy
2022-07-13 08:25:00+00:00,EURUSD,-1,1.00115,1.00529,2,cont,eu+gu+dxy
2022-07-13 08:30:00+00:00,EURUSD,-1,1.00102,1.00529,2,cont,eu+gu+dxy
2022-07-13 08:35:00+00:00,EURUSD,-1,1.00106,1.00529,2,none,none
2022-07-15 08:00:00+00:00,EURUSD,1,1.00161,1.00083,3,cont,eu+gu+dxy
2022-07-15 08:05:00+00:00,EURUSD,1,1.00201,1.00083,2,noref,gu
2022-07-15 08:25:00+00:00,EURUSD,1,1.00176,1.00068,2,smt,eu+gu
2022-07-20 07:50:00+00:00,EURUSD,1,1.02449,1.02286,3,noref,eu
2022-07-20 07:55:00+00:00,EURUSD,1,1.02439,1.02286,3,noref,eu
2022-07-25 07:30:00+00:00,EURUSD,-1,1.01951,1.02045,3,smt,eu+gu
2022-07-28 07:45:00+00:00,EURUSD,-1,1.02237,1.02343,2,noref,eu
2022-07-28 07:50:00+00:00,EURUSD,-1,1.02103,1.02343,2,smt,eu+dxy
2022-07-28 07:55:00+00:00,EURUSD,-1,1.02073,1.02343,2,smt,eu+dxy
2022-07-29 07:20:00+00:00,GBPUSD,1,1.22043,1.21865,3,cont,eu+gu+dxy
2022-07-29 11:10:00+00:00,EURUSD,1,1.02047,1.01854,3,cont,eu+gu+dxy
2022-08-01 08:40:00+00:00,GBPUSD,1,1.22013,1.21838,1,smt,gu
2022-08-01 12:10:00+00:00,GBPUSD,1,1.22447,1.22387,1,cont,eu+gu+dxy
2022-08-02 07:00:00+00:00,EURUSD,-1,1.02675,1.02765,3,smt,gu
2022-08-02 07:05:00+00:00,EURUSD,-1,1.02614,1.02765,3,smt,gu
2022-08-02 11:10:00+00:00,EURUSD,-1,1.02349,1.02453,1,none,none
2022-08-02 11:15:00+00:00,EURUSD,-1,1.02354,1.02453,1,none,none
2022-08-02 11:20:00+00:00,EURUSD,-1,1.02335,1.02453,1,smt,gu
2022-08-02 11:25:00+00:00,EURUSD,-1,1.02331,1.02453,1,none,none
2022-08-04 13:30:00+00:00,EURUSD,1,1.01781,1.01602,1,none,none
2022-08-08 11:55:00+00:00,GBPUSD,1,1.20967,1.20771,3,smt,dxy
2022-08-08 12:50:00+00:00,GBPUSD,1,1.21038,1.20917,1,cont,eu+gu+dxy
2022-08-08 12:55:00+00:00,GBPUSD,1,1.21101,1.20917,3,cont,eu+gu+dxy
2022-08-08 13:00:00+00:00,GBPUSD,1,1.21163,1.20917,3,cont,eu+gu+dxy
2022-08-08 13:05:00+00:00,GBPUSD,1,1.21179,1.20917,3,cont,eu+gu+dxy
2022-08-09 13:00:00+00:00,EURUSD,1,1.02198,1.02146,1,cont,eu+gu+dxy
2022-08-09 13:05:00+00:00,EURUSD,1,1.02281,1.02146,3,cont,eu+gu+dxy
2022-08-09 13:10:00+00:00,EURUSD,1,1.02266,1.02146,3,cont,eu+gu+dxy
2022-08-09 13:15:00+00:00,EURUSD,1,1.02339,1.02146,3,cont,eu+gu+dxy
2022-08-15 13:00:00+00:00,GBPUSD,-1,1.20832,1.20973,1,none,none
2022-08-16 07:00:00+00:00,GBPUSD,-1,1.20515,1.2054,0,cont,eu+gu+dxy
2022-08-16 07:05:00+00:00,GBPUSD,-1,1.20542,1.2054,0,cont,eu+gu+dxy
2022-08-16 08:10:00+00:00,GBPUSD,-1,1.20157,1.20531,2,none,none
2022-08-17 13:35:00+00:00,GBPUSD,-1,1.205,1.20814,3,none,none
2022-08-17 13:40:00+00:00,GBPUSD,-1,1.20589,1.20814,3,smt,gu+dxy
2022-08-25 12:45:00+00:00,EURUSD,-1,0.99864,0.99946,3,smt,gu
2022-09-02 13:10:00+00:00,GBPUSD,-1,1.15591,1.15696,1,cont,eu+gu+dxy
2022-09-06 11:20:00+00:00,EURUSD,-1,0.99365,0.99601,3,smt,gu+dxy
2022-09-08 07:30:00+00:00,GBPUSD,-1,1.15139,1.15217,1,noref,gu
2022-09-08 07:35:00+00:00,GBPUSD,-1,1.1514,1.15217,1,noref,eu
2022-09-08 07:40:00+00:00,GBPUSD,-1,1.1507,1.15217,3,noref,eu
2022-09-12 12:00:00+00:00,GBPUSD,1,1.16815,1.16625,2,smt,gu
2022-09-12 12:05:00+00:00,GBPUSD,1,1.16823,1.16625,1,none,none
2022-09-12 12:10:00+00:00,GBPUSD,1,1.16725,1.16625,1,none,none
2022-09-12 12:55:00+00:00,GBPUSD,1,1.16922,1.16716,3,noref,dxy
2022-09-12 13:00:00+00:00,GBPUSD,1,1.16896,1.16716,1,cont,eu+gu+dxy
2022-09-15 12:45:00+00:00,GBPUSD,-1,1.15048,1.15189,1,cont,eu+gu+dxy
2022-09-15 12:50:00+00:00,GBPUSD,-1,1.15076,1.15189,1,cont,eu+gu+dxy
2022-09-15 12:55:00+00:00,GBPUSD,-1,1.14947,1.15189,3,cont,eu+gu+dxy
2022-09-23 07:10:00+00:00,GBPUSD,-1,1.12417,1.1243,1,cont,eu+gu+dxy
2022-09-23 07:20:00+00:00,GBPUSD,-1,1.12372,1.1243,3,cont,eu+gu+dxy
2022-09-29 12:15:00+00:00,GBPUSD,1,1.08539,1.08201,1,none,none
2022-09-29 12:20:00+00:00,GBPUSD,1,1.08722,1.08201,1,smt,gu
2022-09-29 12:25:00+00:00,GBPUSD,1,1.08615,1.08201,1,smt,gu
2022-09-29 12:30:00+00:00,GBPUSD,1,1.0863,1.08201,1,none,none
2022-09-29 13:25:00+00:00,GBPUSD,1,1.08667,1.08374,2,cont,eu+gu+dxy
2022-09-29 13:30:00+00:00,GBPUSD,1,1.08705,1.08374,2,cont,eu+gu+dxy
2022-09-29 13:35:00+00:00,GBPUSD,1,1.08491,1.08374,1,cont,eu+gu+dxy
2022-09-29 13:40:00+00:00,GBPUSD,1,1.08671,1.08374,1,smt,gu
2022-10-07 07:05:00+00:00,GBPUSD,-1,1.11565,1.11762,3,smt,gu
2022-10-10 11:15:00+00:00,GBPUSD,-1,1.10711,1.1082,1,cont,eu+gu+dxy
2022-10-10 11:20:00+00:00,GBPUSD,-1,1.10674,1.1082,2,smt,gu
2022-10-17 07:10:00+00:00,EURUSD,-1,0.97472,0.97557,1,cont,eu+gu+dxy
2022-10-17 07:15:00+00:00,EURUSD,-1,0.97487,0.97557,1,noref,gu
2022-10-17 07:20:00+00:00,EURUSD,-1,0.97441,0.97557,1,noref,gu
2022-10-17 07:25:00+00:00,EURUSD,-1,0.97388,0.97557,2,noref,eu
2022-10-18 08:10:00+00:00,GBPUSD,-1,1.13342,1.1368,3,cont,eu+gu+dxy
2022-10-18 08:15:00+00:00,GBPUSD,-1,1.13266,1.1368,3,noref,eu
2022-10-18 08:20:00+00:00,GBPUSD,-1,1.13131,1.1368,3,noref,eu
2022-10-18 08:25:00+00:00,GBPUSD,-1,1.13156,1.1368,3,cont,eu+gu+dxy
2022-10-19 07:20:00+00:00,GBPUSD,-1,1.13018,1.13257,1,cont,eu+gu+dxy
2022-10-20 07:10:00+00:00,EURUSD,1,0.9791,0.97788,3,smt,gu
2022-10-20 07:15:00+00:00,EURUSD,1,0.97915,0.97788,3,smt,eu+gu
2022-10-20 07:20:00+00:00,EURUSD,1,0.97896,0.97788,3,smt,gu
2022-10-20 07:25:00+00:00,EURUSD,1,0.9784,0.97788,3,smt,gu
2022-10-24 11:35:00+00:00,GBPUSD,-1,1.13246,1.1348,2,smt,eu+gu
2022-10-25 07:40:00+00:00,GBPUSD,-1,1.12799,1.1293,3,cont,eu+gu+dxy
2022-11-08 12:40:00+00:00,EURUSD,1,0.99962,0.99877,2,cont,eu+gu+dxy
2022-11-08 12:45:00+00:00,EURUSD,1,0.99967,0.99877,2,cont,eu+gu+dxy
2022-11-10 08:35:00+00:00,EURUSD,-1,0.99923,1.00139,3,smt,dxy
2022-11-10 08:40:00+00:00,EURUSD,-1,0.9994,1.00139,3,none,none
2022-11-10 08:45:00+00:00,EURUSD,-1,1.00002,1.00139,3,none,none
2022-11-10 08:50:00+00:00,EURUSD,-1,0.99956,1.00139,3,none,none
2022-11-15 13:35:00+00:00,GBPUSD,1,1.19761,1.18763,3,cont,eu+gu+dxy
2022-11-22 13:55:00+00:00,GBPUSD,1,1.1886,1.18769,1,cont,eu+gu+dxy
2022-11-22 14:00:00+00:00,GBPUSD,1,1.18761,1.18769,0,cont,eu+gu+dxy
2022-11-25 12:55:00+00:00,EURUSD,-1,1.03867,1.03974,1,smt,gu
2022-11-28 08:05:00+00:00,EURUSD,1,1.03797,1.03706,0,cont,eu+gu+dxy
2022-11-28 08:10:00+00:00,EURUSD,1,1.0394,1.03706,2,cont,eu+gu+dxy
2022-11-28 14:15:00+00:00,GBPUSD,-1,1.20607,1.20805,3,smt,eu
2022-11-28 14:20:00+00:00,GBPUSD,-1,1.20527,1.20805,3,smt,gu+dxy
2022-11-29 08:50:00+00:00,GBPUSD,1,1.20621,1.20163,3,none,none
2022-12-07 09:40:00+00:00,GBPUSD,-1,1.21211,1.2156,2,smt,eu
2022-12-07 12:10:00+00:00,EURUSD,1,1.04919,1.0486,2,cont,eu+gu+dxy
2022-12-15 12:05:00+00:00,GBPUSD,-1,1.23159,1.23512,3,smt,eu+dxy
2022-12-16 09:20:00+00:00,GBPUSD,-1,1.21254,1.21861,3,cont,eu+gu+dxy
2022-12-21 09:30:00+00:00,GBPUSD,-1,1.21316,1.21585,1,none,none
2022-12-22 13:25:00+00:00,GBPUSD,-1,1.20521,1.20622,1,cont,eu+gu+dxy
2022-12-22 14:35:00+00:00,GBPUSD,-1,1.19929,1.20401,3,smt,eu+gu
2022-12-23 09:20:00+00:00,EURUSD,1,1.06044,1.05961,1,smt,eu
2022-12-23 09:25:00+00:00,EURUSD,1,1.06057,1.05961,1,cont,eu+gu+dxy
2022-12-23 09:30:00+00:00,EURUSD,1,1.06043,1.05961,1,smt,eu+dxy
2022-12-23 09:35:00+00:00,EURUSD,1,1.05996,1.05961,1,smt,eu+dxy
2022-12-23 13:45:00+00:00,GBPUSD,-1,1.20686,1.20717,0,cont,eu+gu+dxy
2022-12-23 13:50:00+00:00,GBPUSD,-1,1.20568,1.20717,0,cont,eu+gu+dxy
2022-12-26 08:05:00+00:00,GBPUSD,-1,1.20593,1.20592,1,noref,eu
2022-12-26 08:10:00+00:00,GBPUSD,-1,1.20547,1.20592,1,noref,eu
2022-12-29 13:50:00+00:00,EURUSD,1,1.06572,1.06448,1,smt,eu
2022-12-29 13:55:00+00:00,EURUSD,1,1.06585,1.06448,1,none,none
2022-12-29 14:35:00+00:00,EURUSD,1,1.06585,1.06484,2,cont,eu+gu+dxy
2022-12-30 12:35:00+00:00,EURUSD,1,1.06824,1.06718,2,cont,eu+gu+dxy
2023-01-09 12:15:00+00:00,EURUSD,1,1.06829,1.06745,1,none,none
2023-01-09 14:35:00+00:00,EURUSD,1,1.07163,1.07115,2,cont,eu+gu+dxy
2023-01-11 12:00:00+00:00,EURUSD,1,1.07481,1.07434,2,noref,gu
2023-01-12 09:10:00+00:00,GBPUSD,1,1.21504,1.21347,3,cont,eu+gu+dxy
2023-01-12 12:20:00+00:00,EURUSD,1,1.07649,1.07588,1,none,none
2023-01-12 12:25:00+00:00,EURUSD,1,1.07627,1.07588,1,none,none
2023-01-12 12:35:00+00:00,EURUSD,1,1.07656,1.07589,1,none,none
2023-01-13 12:30:00+00:00,EURUSD,-1,1.08104,1.08157,1,cont,eu+gu+dxy
2023-01-13 13:20:00+00:00,EURUSD,-1,1.08121,1.08172,1,smt,eu+dxy
2023-01-13 13:25:00+00:00,EURUSD,-1,1.0818,1.08172,0,smt,eu+dxy
2023-01-13 13:30:00+00:00,EURUSD,-1,1.08199,1.08172,0,smt,eu+dxy
2023-01-13 13:35:00+00:00,EURUSD,-1,1.08117,1.08172,1,smt,eu+dxy
2023-01-13 13:40:00+00:00,EURUSD,-1,1.08113,1.08199,2,cont,eu+gu+dxy
2023-01-17 09:00:00+00:00,GBPUSD,1,1.22129,1.22108,1,cont,eu+gu+dxy
2023-01-17 09:10:00+00:00,GBPUSD,1,1.22263,1.22088,1,smt,gu
2023-01-17 09:15:00+00:00,GBPUSD,1,1.22181,1.22088,1,cont,eu+gu+dxy
2023-01-17 09:20:00+00:00,GBPUSD,1,1.2221,1.22088,1,cont,eu+gu+dxy
2023-01-17 09:25:00+00:00,GBPUSD,1,1.22111,1.22088,1,cont,eu+gu+dxy
2023-01-24 12:25:00+00:00,EURUSD,1,1.08687,1.08633,1,cont,eu+gu+dxy
2023-01-25 09:40:00+00:00,EURUSD,1,1.08878,1.08677,2,noref,eu
2023-01-30 09:30:00+00:00,EURUSD,1,1.08921,1.08762,2,noref,gu
2023-02-02 08:10:00+00:00,EURUSD,1,1.10054,1.09913,3,cont,eu+gu+dxy
2023-02-02 08:15:00+00:00,EURUSD,1,1.1005,1.09913,3,noref,eu
2023-02-02 08:20:00+00:00,EURUSD,1,1.10102,1.09913,3,noref,eu
2023-02-02 08:25:00+00:00,EURUSD,1,1.10044,1.09913,2,noref,gu
2023-02-02 08:55:00+00:00,EURUSD,1,1.1,1.09916,1,cont,eu+gu+dxy
2023-02-02 09:40:00+00:00,EURUSD,1,1.09978,1.09887,1,cont,eu+gu+dxy
2023-02-03 12:30:00+00:00,EURUSD,1,1.09334,1.09245,1,none,none
2023-02-03 12:35:00+00:00,EURUSD,1,1.09319,1.09245,1,smt,gu
2023-02-03 12:40:00+00:00,EURUSD,1,1.09334,1.09245,1,smt,gu
2023-02-07 14:25:00+00:00,EURUSD,-1,1.06952,1.06992,2,smt,gu
2023-02-07 14:30:00+00:00,EURUSD,-1,1.06918,1.06992,2,cont,eu+gu+dxy
2023-02-07 14:35:00+00:00,EURUSD,-1,1.06917,1.06992,2,cont,eu+gu+dxy
2023-02-16 08:20:00+00:00,EURUSD,1,1.07138,1.07027,3,smt,dxy
2023-02-16 08:25:00+00:00,EURUSD,1,1.07167,1.07027,3,smt,dxy
2023-02-22 08:00:00+00:00,EURUSD,-1,1.06534,1.06632,3,cont,eu+gu+dxy
2023-03-06 08:35:00+00:00,EURUSD,-1,1.06457,1.06572,2,smt,eu+gu
2023-03-07 12:05:00+00:00,GBPUSD,-1,1.19828,1.20152,3,smt,gu
2023-03-14 07:30:00+00:00,EURUSD,-1,1.06833,1.07018,2,cont,eu+gu+dxy
2023-03-14 07:35:00+00:00,EURUSD,-1,1.0683,1.07018,3,noref,gu
2023-03-14 07:40:00+00:00,EURUSD,-1,1.06867,1.07018,3,smt,eu+gu
2023-03-14 08:00:00+00:00,EURUSD,1,1.06895,1.06787,2,noref,eu
2023-03-16 13:00:00+00:00,GBPUSD,1,1.2049,1.20386,2,noref,gu
2023-03-17 07:10:00+00:00,GBPUSD,1,1.21656,1.21476,2,none,none
2023-03-27 07:15:00+00:00,EURUSD,-1,1.07613,1.07705,3,cont,eu+gu+dxy
2023-04-04 12:40:00+00:00,GBPUSD,1,1.24943,1.2484,2,smt,eu+dxy
2023-04-04 12:45:00+00:00,GBPUSD,1,1.24916,1.2484,2,smt,eu+dxy
2023-04-04 13:25:00+00:00,GBPUSD,1,1.24871,1.24765,1,cont,eu+gu+dxy
2023-04-04 13:30:00+00:00,GBPUSD,1,1.24807,1.24765,1,smt,eu+dxy
2023-04-04 13:35:00+00:00,GBPUSD,1,1.24766,1.24765,0,noref,dxy
2023-04-04 13:40:00+00:00,GBPUSD,1,1.2475,1.24765,0,noref,dxy
2023-04-06 07:00:00+00:00,GBPUSD,1,1.24497,1.24416,2,cont,eu+gu+dxy
2023-04-06 07:05:00+00:00,GBPUSD,1,1.24516,1.24416,2,none,none
2023-04-06 07:10:00+00:00,GBPUSD,1,1.24514,1.24416,3,none,none
2023-04-06 12:05:00+00:00,EURUSD,1,1.09041,1.08977,2,smt,eu+dxy
2023-04-06 12:10:00+00:00,EURUSD,1,1.09048,1.08977,2,smt,eu+dxy
2023-04-11 13:30:00+00:00,EURUSD,1,1.09067,1.09037,2,smt,eu+dxy
2023-04-11 13:35:00+00:00,EURUSD,1,1.0911,1.09037,2,smt,eu+dxy
2023-04-11 13:40:00+00:00,EURUSD,1,1.09093,1.09022,3,smt,dxy
2023-04-12 11:20:00+00:00,GBPUSD,-1,1.24171,1.24276,1,cont,eu+gu+dxy
2023-04-12 11:25:00+00:00,GBPUSD,-1,1.24169,1.24276,1,cont,eu+gu+dxy
2023-04-12 11:30:00+00:00,GBPUSD,-1,1.24121,1.24276,3,cont,eu+gu+dxy
2023-04-12 11:35:00+00:00,GBPUSD,-1,1.24172,1.24276,3,smt,eu+dxy
2023-04-18 12:05:00+00:00,GBPUSD,1,1.244,1.24288,2,smt,eu+dxy
2023-04-18 12:10:00+00:00,GBPUSD,1,1.24377,1.24288,2,smt,eu+dxy
2023-04-18 12:20:00+00:00,GBPUSD,1,1.24361,1.24288,2,smt,eu
2023-04-24 08:20:00+00:00,EURUSD,1,1.09741,1.09658,3,cont,eu+gu+dxy
2023-05-03 07:45:00+00:00,EURUSD,1,1.10275,1.10142,3,noref,eu
2023-05-05 07:30:00+00:00,GBPUSD,1,1.26075,1.25968,1,smt,eu+dxy
2023-05-17 13:00:00+00:00,EURUSD,-1,1.0826,1.08416,1,none,none
2023-05-17 13:05:00+00:00,EURUSD,-1,1.0826,1.08416,1,smt,gu
2023-05-17 13:10:00+00:00,EURUSD,-1,1.0826,1.08416,1,smt,gu
2023-05-17 13:15:00+00:00,EURUSD,-1,1.0826,1.08416,1,smt,gu
2023-05-17 13:20:00+00:00,EURUSD,-1,1.0826,1.08416,1,smt,gu
2023-05-17 13:25:00+00:00,EURUSD,-1,1.0826,1.08416,2,smt,gu
2023-05-17 13:30:00+00:00,EURUSD,-1,1.0826,1.08416,2,smt,gu
2023-05-17 13:35:00+00:00,EURUSD,-1,1.0826,1.08416,2,smt,gu
2023-05-17 13:40:00+00:00,EURUSD,-1,1.0826,1.08416,2,smt,gu
2023-05-18 07:45:00+00:00,GBPUSD,-1,1.24639,1.24763,1,smt,gu+dxy
2023-05-18 07:50:00+00:00,GBPUSD,-1,1.24574,1.24763,1,smt,gu+dxy
2023-05-18 07:55:00+00:00,GBPUSD,-1,1.24542,1.24763,2,none,none
2023-05-23 08:15:00+00:00,EURUSD,-1,1.07974,1.08129,2,noref,eu
2023-05-23 08:20:00+00:00,EURUSD,-1,1.07967,1.08129,3,noref,eu
2023-05-24 07:45:00+00:00,EURUSD,-1,1.07832,1.07893,1,smt,eu+gu
2023-05-24 07:50:00+00:00,EURUSD,-1,1.07811,1.07893,1,smt,eu+gu
2023-05-24 07:55:00+00:00,EURUSD,-1,1.07776,1.07893,1,noref,eu
2023-05-24 13:35:00+00:00,GBPUSD,-1,1.23946,1.24131,1,cont,eu+gu+dxy
2023-05-24 13:40:00+00:00,GBPUSD,-1,1.2397,1.24131,2,cont,eu+gu+dxy
2023-06-05 12:25:00+00:00,EURUSD,1,1.0694,1.06867,2,noref,dxy
2023-06-05 12:30:00+00:00,EURUSD,1,1.0694,1.06867,2,noref,dxy
2023-06-05 12:35:00+00:00,EURUSD,1,1.0694,1.06867,2,noref,gu
2023-06-05 12:40:00+00:00,EURUSD,1,1.0694,1.06867,2,noref,gu
2023-06-05 12:45:00+00:00,EURUSD,1,1.0694,1.06867,2,noref,dxy
2023-06-05 12:50:00+00:00,EURUSD,1,1.0694,1.06867,2,noref,gu
2023-06-05 12:55:00+00:00,EURUSD,1,1.0694,1.06867,2,noref,gu
2023-06-06 07:00:00+00:00,EURUSD,1,1.07249,1.07225,3,smt,gu+dxy
2023-06-08 08:00:00+00:00,EURUSD,-1,1.07111,1.0719,3,cont,eu+gu+dxy
2023-06-08 08:05:00+00:00,EURUSD,-1,1.07074,1.0719,3,cont,eu+gu+dxy
2023-06-08 08:10:00+00:00,EURUSD,-1,1.07077,1.0719,3,cont,eu+gu+dxy
2023-06-15 11:15:00+00:00,EURUSD,1,1.08401,1.08395,1,smt,eu+dxy
2023-06-16 11:00:00+00:00,GBPUSD,1,1.27942,1.27838,2,smt,gu
2023-06-20 07:10:00+00:00,GBPUSD,-1,1.27754,1.27856,2,cont,eu+gu+dxy
2023-06-21 08:15:00+00:00,GBPUSD,-1,1.27568,1.27872,1,smt,eu+dxy
2023-06-21 08:20:00+00:00,GBPUSD,-1,1.27669,1.27872,1,cont,eu+gu+dxy
2023-06-21 08:25:00+00:00,GBPUSD,-1,1.27617,1.27872,1,cont,eu+gu+dxy
2023-06-22 07:50:00+00:00,GBPUSD,-1,1.27461,1.27604,1,smt,gu+dxy
2023-06-22 07:55:00+00:00,GBPUSD,-1,1.27479,1.27604,1,cont,eu+gu+dxy
2023-06-26 07:00:00+00:00,GBPUSD,-1,1.27335,1.2739,1,cont,eu+gu+dxy
2023-06-26 07:05:00+00:00,GBPUSD,-1,1.27346,1.2739,1,noref,eu
2023-06-26 07:10:00+00:00,GBPUSD,-1,1.27333,1.2739,2,noref,eu
2023-07-05 13:30:00+00:00,GBPUSD,1,1.27023,1.26916,3,noref,gu
2023-07-07 07:10:00+00:00,GBPUSD,1,1.27454,1.27389,3,cont,eu+gu+dxy
2023-07-18 12:55:00+00:00,EURUSD,1,1.12513,1.12417,2,smt,eu+gu
2023-07-19 11:00:00+00:00,GBPUSD,-1,1.29472,1.29565,2,cont,eu+gu+dxy
2023-07-19 11:05:00+00:00,GBPUSD,-1,1.29382,1.29565,2,cont,eu+gu+dxy
2023-07-19 11:10:00+00:00,GBPUSD,-1,1.29323,1.29565,2,smt,eu+gu
2023-07-20 11:55:00+00:00,GBPUSD,-1,1.28975,1.29165,2,cont,eu+gu+dxy
2023-07-24 07:15:00+00:00,GBPUSD,-1,1.28702,1.28759,2,smt,eu+dxy
2023-07-24 07:20:00+00:00,GBPUSD,-1,1.28691,1.28763,2,smt,eu+dxy
2023-07-24 11:00:00+00:00,GBPUSD,-1,1.28315,1.28385,3,smt,dxy
2023-07-24 11:05:00+00:00,GBPUSD,-1,1.28332,1.28385,3,smt,dxy
2023-07-25 07:25:00+00:00,GBPUSD,1,1.28461,1.28322,3,smt,eu+gu
2023-07-26 08:35:00+00:00,EURUSD,1,1.10665,1.10571,2,smt,gu
2023-07-26 08:40:00+00:00,EURUSD,1,1.10643,1.10571,2,cont,eu+gu+dxy
2023-07-27 08:00:00+00:00,GBPUSD,1,1.29545,1.29389,2,smt,eu+gu
2023-07-27 11:00:00+00:00,EURUSD,1,1.1137,1.11267,3,cont,eu+gu+dxy
2023-07-27 11:05:00+00:00,EURUSD,1,1.1137,1.11267,3,cont,eu+gu+dxy
2023-07-27 11:10:00+00:00,EURUSD,1,1.1137,1.11267,3,smt,eu+gu
2023-07-27 11:15:00+00:00,EURUSD,1,1.1137,1.11267,2,smt,eu+gu
2023-07-27 11:20:00+00:00,EURUSD,1,1.1137,1.11267,1,smt,eu
2023-07-27 11:25:00+00:00,EURUSD,1,1.1137,1.11267,1,smt,eu
2023-07-27 11:30:00+00:00,EURUSD,1,1.1137,1.11267,1,smt,eu
2023-07-27 11:35:00+00:00,EURUSD,1,1.1137,1.11267,1,smt,eu
2023-07-27 11:40:00+00:00,EURUSD,1,1.1137,1.11267,1,smt,eu+gu
2023-07-27 11:45:00+00:00,EURUSD,1,1.1137,1.11267,1,smt,eu+gu
2023-07-27 11:50:00+00:00,EURUSD,1,1.1137,1.11267,1,cont,eu+gu+dxy
2023-07-31 07:00:00+00:00,GBPUSD,1,1.28535,1.28437,1,noref,gu
2023-07-31 07:05:00+00:00,GBPUSD,1,1.28499,1.28437,1,smt,gu+dxy
2023-07-31 13:35:00+00:00,GBPUSD,1,1.28561,1.28463,2,cont,eu+gu+dxy
2023-07-31 13:40:00+00:00,GBPUSD,1,1.28573,1.28463,2,smt,gu+dxy
2023-08-02 07:35:00+00:00,EURUSD,1,1.0987,1.09813,1,cont,eu+gu+dxy
2023-08-02 07:40:00+00:00,EURUSD,1,1.09895,1.09813,3,cont,eu+gu+dxy
2023-08-03 07:15:00+00:00,GBPUSD,-1,1.27054,1.27086,3,cont,eu+gu+dxy
2023-08-09 07:15:00+00:00,GBPUSD,1,1.27653,1.27579,1,smt,eu+gu
2023-08-09 07:20:00+00:00,GBPUSD,1,1.2763,1.27579,1,smt,eu+dxy
2023-08-09 11:50:00+00:00,GBPUSD,-1,1.27368,1.27445,2,cont,eu+gu+dxy
2023-08-09 11:55:00+00:00,GBPUSD,-1,1.27315,1.27445,3,cont,eu+gu+dxy
2023-08-11 08:15:00+00:00,GBPUSD,1,1.27066,1.27011,3,cont,eu+gu+dxy
2023-08-11 08:20:00+00:00,GBPUSD,1,1.2712,1.27011,3,cont,eu+gu+dxy
2023-08-11 13:00:00+00:00,EURUSD,-1,1.09973,1.10025,1,cont,eu+gu+dxy
2023-08-11 13:05:00+00:00,EURUSD,-1,1.10017,1.10025,0,noref,gu
2023-08-11 13:10:00+00:00,EURUSD,-1,1.10041,1.10025,0,noref,gu
2023-08-11 13:15:00+00:00,EURUSD,-1,1.09991,1.10025,2,noref,eu
2023-08-14 11:55:00+00:00,GBPUSD,-1,1.27052,1.27146,1,smt,gu+dxy
2023-08-18 07:45:00+00:00,EURUSD,-1,1.08784,1.08871,1,smt,eu+dxy
2023-08-18 07:50:00+00:00,EURUSD,-1,1.08759,1.08871,1,none,none
2023-08-18 07:55:00+00:00,EURUSD,-1,1.08751,1.08871,1,none,none
2023-08-18 11:45:00+00:00,EURUSD,-1,1.08663,1.08762,3,noref,gu
2023-08-18 11:50:00+00:00,EURUSD,-1,1.0866,1.08762,3,smt,gu+dxy
2023-08-21 11:45:00+00:00,GBPUSD,1,1.27325,1.27265,3,cont,eu+gu+dxy
2023-08-21 11:50:00+00:00,GBPUSD,1,1.2735,1.27265,3,cont,eu+gu+dxy
2023-08-21 11:55:00+00:00,GBPUSD,1,1.27359,1.27265,3,cont,eu+gu+dxy
2023-08-21 12:00:00+00:00,GBPUSD,1,1.27408,1.27265,3,smt,eu+dxy
2023-08-22 11:15:00+00:00,EURUSD,-1,1.09018,1.09101,2,smt,eu+dxy
2023-08-28 07:05:00+00:00,GBPUSD,-1,1.26049,1.2608,2,noref,eu
2023-08-29 11:20:00+00:00,GBPUSD,-1,1.26067,1.26165,1,cont,eu+gu+dxy
2023-09-06 13:15:00+00:00,GBPUSD,-1,1.25576,1.2567,2,smt,gu+dxy
2023-09-07 08:00:00+00:00,GBPUSD,-1,1.24806,1.25079,1,none,none
2023-09-07 13:30:00+00:00,EURUSD,-1,1.07049,1.07107,3,cont,eu+gu+dxy
2023-09-08 07:30:00+00:00,GBPUSD,-1,1.25029,1.25097,3,noref,eu
2023-09-08 07:35:00+00:00,GBPUSD,-1,1.24956,1.25097,3,cont,eu+gu+dxy
2023-09-08 07:40:00+00:00,GBPUSD,-1,1.24937,1.25097,3,noref,gu
2023-09-08 07:45:00+00:00,GBPUSD,-1,1.24926,1.25097,2,noref,eu
2023-09-08 13:30:00+00:00,EURUSD,-1,1.07039,1.07057,2,cont,eu+gu+dxy
2023-09-08 13:35:00+00:00,EURUSD,-1,1.07079,1.07057,0,smt,gu+dxy
2023-09-08 13:40:00+00:00,EURUSD,-1,1.07093,1.07057,0,smt,gu+dxy
2023-09-13 08:00:00+00:00,EURUSD,1,1.07383,1.07348,2,noref,eu
2023-09-13 08:25:00+00:00,EURUSD,1,1.07356,1.0731,2,cont,eu+gu+dxy
2023-09-13 08:30:00+00:00,EURUSD,1,1.07433,1.0731,3,cont,eu+gu+dxy
2023-09-13 08:35:00+00:00,EURUSD,1,1.07443,1.0731,2,noref,eu
2023-09-13 08:40:00+00:00,EURUSD,1,1.07453,1.0731,2,noref,eu
2023-09-14 13:30:00+00:00,EURUSD,-1,1.07007,1.07476,2,smt,eu+dxy
2023-09-15 07:05:00+00:00,EURUSD,1,1.06545,1.0649,3,smt,gu+dxy
2023-09-19 08:30:00+00:00,EURUSD,1,1.06827,1.0675,1,smt,eu+gu
2023-09-19 08:35:00+00:00,EURUSD,1,1.06805,1.0675,2,smt,eu+gu
2023-09-19 08:40:00+00:00,EURUSD,1,1.06864,1.0675,2,smt,eu+gu
2023-09-19 11:00:00+00:00,EURUSD,1,1.06889,1.06819,1,smt,eu+dxy
2023-09-19 11:05:00+00:00,EURUSD,1,1.06873,1.06819,1,smt,eu+dxy
2023-09-19 11:10:00+00:00,EURUSD,1,1.06891,1.06819,2,smt,eu+dxy
2023-09-20 08:40:00+00:00,EURUSD,1,1.06878,1.06752,3,noref,eu
2023-09-20 11:00:00+00:00,EURUSD,1,1.06985,1.06932,1,none,none
2023-09-20 11:05:00+00:00,EURUSD,1,1.0699,1.06932,1,none,none
2023-09-20 11:10:00+00:00,EURUSD,1,1.07023,1.06932,1,none,none
2023-09-29 13:15:00+00:00,GBPUSD,-1,1.22543,1.22631,1,none,none
2023-09-29 13:20:00+00:00,GBPUSD,-1,1.22552,1.22631,1,smt,eu+dxy
2023-09-29 13:35:00+00:00,GBPUSD,-1,1.22374,1.22645,3,cont,eu+gu+dxy
2023-09-29 13:40:00+00:00,GBPUSD,-1,1.22581,1.22645,3,cont,eu+gu+dxy
2023-10-09 12:45:00+00:00,EURUSD,-1,1.05323,1.05403,3,cont,eu+gu+dxy
2023-10-09 12:50:00+00:00,EURUSD,-1,1.053,1.05403,3,cont,eu+gu+dxy
2023-10-09 12:55:00+00:00,EURUSD,-1,1.05288,1.05403,3,smt,eu+dxy
2023-10-09 13:00:00+00:00,EURUSD,-1,1.05282,1.05403,3,smt,dxy
2023-10-12 11:30:00+00:00,GBPUSD,-1,1.22977,1.23043,3,cont,eu+gu+dxy
2023-10-12 11:35:00+00:00,GBPUSD,-1,1.22988,1.23043,3,cont,eu+gu+dxy
2023-10-16 12:30:00+00:00,GBPUSD,1,1.21633,1.21463,3,cont,eu+gu+dxy
2023-10-20 08:20:00+00:00,GBPUSD,-1,1.21084,1.21136,2,cont,eu+gu+dxy
2023-10-25 12:00:00+00:00,GBPUSD,-1,1.21231,1.21258,3,smt,eu+dxy
2023-10-30 11:25:00+00:00,EURUSD,1,1.05774,1.05732,2,smt,eu+dxy
2023-10-30 11:30:00+00:00,EURUSD,1,1.05777,1.05732,2,smt,eu+dxy
2023-10-30 11:35:00+00:00,EURUSD,1,1.05824,1.05732,2,smt,eu+dxy
2023-10-30 11:40:00+00:00,EURUSD,1,1.05858,1.05732,2,smt,eu+dxy
2023-10-31 07:35:00+00:00,EURUSD,1,1.06117,1.06034,1,cont,eu+gu+dxy
2023-10-31 07:40:00+00:00,EURUSD,1,1.06139,1.06034,2,smt,gu+dxy
2023-11-01 11:20:00+00:00,GBPUSD,-1,1.21328,1.21447,2,none,none
2023-11-01 13:00:00+00:00,EURUSD,-1,1.05385,1.05575,3,cont,eu+gu+dxy
2023-11-02 07:15:00+00:00,EURUSD,1,1.06015,1.05936,2,noref,eu
2023-11-02 08:30:00+00:00,EURUSD,1,1.05985,1.0591,2,cont,eu+gu+dxy
2023-11-02 08:35:00+00:00,EURUSD,1,1.05971,1.0591,2,noref,eu
2023-11-02 08:40:00+00:00,EURUSD,1,1.06055,1.0591,3,noref,eu
2023-11-08 14:00:00+00:00,EURUSD,1,1.06692,1.06601,3,smt,gu+dxy
2023-11-09 08:10:00+00:00,GBPUSD,-1,1.22906,1.22864,1,cont,eu+gu+dxy
2023-11-09 08:15:00+00:00,GBPUSD,-1,1.22835,1.22864,1,cont,eu+gu+dxy
2023-11-09 08:20:00+00:00,GBPUSD,-1,1.22712,1.22913,2,cont,eu+gu+dxy
2023-11-09 08:25:00+00:00,GBPUSD,-1,1.22746,1.22913,2,smt,eu+gu
2023-11-10 08:50:00+00:00,GBPUSD,-1,1.22225,1.2235,1,noref,eu
2023-11-10 08:55:00+00:00,GBPUSD,-1,1.22173,1.2235,1,noref,eu
2023-11-14 13:50:00+00:00,GBPUSD,1,1.24021,1.22846,3,cont,eu+gu+dxy
2023-11-17 12:35:00+00:00,EURUSD,1,1.08613,1.08573,2,cont,eu+gu+dxy
2023-11-21 08:05:00+00:00,GBPUSD,1,1.25294,1.25195,3,cont,eu+gu+dxy
2023-11-24 12:00:00+00:00,GBPUSD,1,1.25679,1.25558,1,none,none
2023-11-24 13:40:00+00:00,GBPUSD,1,1.25742,1.25613,3,cont,eu+gu+dxy
2023-11-27 09:15:00+00:00,GBPUSD,1,1.2609,1.2604,1,noref,eu
2023-11-27 09:20:00+00:00,GBPUSD,1,1.26049,1.2604,1,noref,eu
2023-11-27 09:25:00+00:00,GBPUSD,1,1.2606,1.2604,0,smt,gu
2023-11-27 09:30:00+00:00,GBPUSD,1,1.26113,1.2604,1,smt,gu
2023-11-27 09:35:00+00:00,GBPUSD,1,1.26134,1.26039,1,noref,gu
2023-11-27 09:40:00+00:00,GBPUSD,1,1.26117,1.26039,1,noref,gu
2023-11-27 12:00:00+00:00,GBPUSD,1,1.26342,1.26158,3,cont,eu+gu+dxy
2023-11-28 12:05:00+00:00,EURUSD,1,1.09517,1.09484,1,cont,eu+gu+dxy
2023-11-28 12:10:00+00:00,EURUSD,1,1.09539,1.09484,2,cont,eu+gu+dxy
2023-11-29 09:20:00+00:00,EURUSD,-1,1.09865,1.09961,2,smt,gu
2023-11-29 12:00:00+00:00,GBPUSD,1,1.26883,1.26739,1,smt,gu
2023-11-29 12:05:00+00:00,GBPUSD,1,1.26869,1.26739,1,none,none
2023-11-29 12:10:00+00:00,GBPUSD,1,1.26833,1.26739,1,none,none
2023-12-01 13:50:00+00:00,EURUSD,-1,1.0869,1.08846,3,none,none
2023-12-04 09:15:00+00:00,GBPUSD,1,1.2666,1.26632,0,smt,gu
2023-12-04 09:20:00+00:00,GBPUSD,1,1.26753,1.26561,2,smt,eu+gu
2023-12-04 09:25:00+00:00,GBPUSD,1,1.26765,1.26561,2,smt,gu
2023-12-04 09:30:00+00:00,GBPUSD,1,1.2678,1.26561,2,smt,gu
2023-12-04 09:35:00+00:00,GBPUSD,1,1.26771,1.26561,2,smt,gu+dxy
2023-12-04 13:45:00+00:00,EURUSD,-1,1.08617,1.08759,2,smt,eu+dxy
2023-12-04 13:50:00+00:00,EURUSD,-1,1.08596,1.08759,2,smt,eu
2023-12-04 13:55:00+00:00,EURUSD,-1,1.08577,1.08759,2,none,none
2023-12-05 12:45:00+00:00,EURUSD,-1,1.08193,1.08215,1,smt,gu
2023-12-05 12:50:00+00:00,EURUSD,-1,1.08164,1.08215,1,smt,gu
2023-12-11 14:10:00+00:00,EURUSD,-1,1.07561,1.07666,1,cont,eu+gu+dxy
2023-12-11 14:15:00+00:00,EURUSD,-1,1.07561,1.07666,1,cont,eu+gu+dxy
2023-12-11 14:20:00+00:00,EURUSD,-1,1.07482,1.07666,3,cont,eu+gu+dxy
2023-12-12 08:00:00+00:00,EURUSD,1,1.07777,1.07738,1,smt,eu+dxy
2023-12-12 08:05:00+00:00,EURUSD,1,1.07772,1.07738,1,cont,eu+gu+dxy
2023-12-12 08:10:00+00:00,EURUSD,1,1.0775,1.07738,0,smt,gu+dxy
2023-12-12 08:15:00+00:00,EURUSD,1,1.07818,1.07731,2,smt,gu+dxy
2023-12-15 09:30:00+00:00,GBPUSD,1,1.27414,1.27416,0,smt,gu
2023-12-15 09:35:00+00:00,GBPUSD,1,1.27596,1.27416,2,smt,gu
2023-12-18 09:10:00+00:00,EURUSD,1,1.09197,1.09138,1,noref,gu
2023-12-21 13:35:00+00:00,GBPUSD,1,1.26758,1.2644,3,smt,eu+dxy
2023-12-21 13:40:00+00:00,GBPUSD,1,1.26838,1.2644,3,smt,eu+dxy
2023-12-21 13:45:00+00:00,GBPUSD,1,1.26818,1.2644,3,smt,eu+dxy
2023-12-21 13:50:00+00:00,GBPUSD,1,1.26747,1.2644,3,cont,eu+gu+dxy
2023-12-21 14:35:00+00:00,EURUSD,1,1.09993,1.09823,2,smt,gu+dxy
2023-12-22 13:00:00+00:00,GBPUSD,1,1.27174,1.271,1,cont,eu+gu+dxy
2023-12-22 13:05:00+00:00,GBPUSD,1,1.27178,1.271,1,cont,eu+gu+dxy
2023-12-22 13:10:00+00:00,GBPUSD,1,1.2719,1.271,2,cont,eu+gu+dxy
2023-12-27 14:00:00+00:00,EURUSD,1,1.10703,1.10621,1,smt,eu+dxy
2023-12-27 14:05:00+00:00,EURUSD,1,1.10745,1.10621,1,cont,eu+gu+dxy
2023-12-27 14:10:00+00:00,EURUSD,1,1.10742,1.10621,1,cont,eu+gu+dxy
2024-01-03 12:25:00+00:00,EURUSD,-1,1.09272,1.0932,2,cont,eu+gu+dxy
2024-01-08 13:25:00+00:00,GBPUSD,1,1.27105,1.27014,1,smt,gu
2024-01-15 12:00:00+00:00,GBPUSD,-1,1.2731,1.27366,3,cont,eu+gu+dxy
2024-01-15 12:05:00+00:00,GBPUSD,-1,1.27329,1.27366,3,cont,eu+gu+dxy
2024-01-15 12:10:00+00:00,GBPUSD,-1,1.27349,1.27366,1,smt,eu
2024-01-15 12:30:00+00:00,GBPUSD,-1,1.27302,1.2739,2,cont,eu+gu+dxy
2024-01-15 12:35:00+00:00,GBPUSD,-1,1.27279,1.2739,3,cont,eu+gu+dxy
2024-01-15 12:40:00+00:00,GBPUSD,-1,1.27265,1.2739,3,cont,eu+gu+dxy
2024-01-15 12:45:00+00:00,GBPUSD,-1,1.27259,1.2739,1,smt,eu+gu
2024-01-15 14:10:00+00:00,EURUSD,-1,1.0941,1.09528,3,smt,gu+dxy
2024-01-15 14:15:00+00:00,EURUSD,-1,1.09398,1.09528,3,smt,gu+dxy
2024-01-15 14:20:00+00:00,EURUSD,-1,1.09394,1.09528,3,smt,gu+dxy
2024-01-15 14:25:00+00:00,EURUSD,-1,1.09424,1.09528,2,smt,gu+dxy
2024-01-16 12:10:00+00:00,EURUSD,-1,1.08888,1.08947,2,smt,gu
2024-01-23 12:30:00+00:00,EURUSD,-1,1.08621,1.08732,3,cont,eu+gu+dxy
2024-01-23 12:35:00+00:00,EURUSD,-1,1.08631,1.08732,3,cont,eu+gu+dxy
2024-01-23 12:40:00+00:00,EURUSD,-1,1.08624,1.08732,3,cont,eu+gu+dxy
2024-01-23 12:45:00+00:00,EURUSD,-1,1.08625,1.08732,3,none,none
2024-01-23 13:45:00+00:00,GBPUSD,-1,1.27135,1.27181,1,smt,eu+dxy
2024-01-25 08:30:00+00:00,EURUSD,1,1.0891,1.08828,1,cont,eu+gu+dxy
2024-01-25 13:10:00+00:00,EURUSD,-1,1.0893,1.08949,1,smt,gu
2024-01-25 13:15:00+00:00,EURUSD,-1,1.08929,1.08949,0,cont,eu+gu+dxy
2024-01-25 13:30:00+00:00,EURUSD,-1,1.08895,1.09018,2,cont,eu+gu+dxy
2024-01-26 13:05:00+00:00,GBPUSD,1,1.27322,1.27267,2,cont,eu+gu+dxy
2024-01-30 08:05:00+00:00,GBPUSD,-1,1.26891,1.26988,1,cont,eu+gu+dxy
2024-01-30 08:10:00+00:00,GBPUSD,-1,1.26914,1.26988,1,cont,eu+gu+dxy
2024-01-30 12:00:00+00:00,GBPUSD,-1,1.26774,1.26826,2,noref,eu
2024-01-30 12:05:00+00:00,GBPUSD,-1,1.26787,1.26826,2,cont,eu+gu+dxy
2024-01-30 12:10:00+00:00,GBPUSD,-1,1.2678,1.26826,2,noref,eu
2024-01-30 12:15:00+00:00,GBPUSD,-1,1.26777,1.26826,1,noref,eu
2024-01-30 13:05:00+00:00,EURUSD,-1,1.08462,1.08499,1,smt,eu+dxy
2024-01-30 13:10:00+00:00,EURUSD,-1,1.08458,1.08499,2,cont,eu+gu+dxy
2024-01-31 08:05:00+00:00,GBPUSD,1,1.26767,1.26664,3,cont,eu+gu+dxy
2024-01-31 08:10:00+00:00,GBPUSD,1,1.2674,1.26664,3,cont,eu+gu+dxy
2024-01-31 08:15:00+00:00,GBPUSD,1,1.26763,1.26664,3,cont,eu+gu+dxy
2024-01-31 08:20:00+00:00,GBPUSD,1,1.26766,1.26664,3,noref,eu
2024-01-31 12:45:00+00:00,GBPUSD,1,1.26834,1.26784,3,cont,eu+gu+dxy
2024-02-01 14:30:00+00:00,GBPUSD,1,1.2662,1.26529,2,smt,gu+dxy
2024-02-01 14:35:00+00:00,GBPUSD,1,1.26655,1.26529,1,smt,gu+dxy
2024-02-01 14:40:00+00:00,GBPUSD,1,1.26666,1.26529,1,none,none
2024-02-06 08:35:00+00:00,EURUSD,-1,1.07567,1.076,1,smt,eu+dxy
2024-02-06 08:40:00+00:00,EURUSD,-1,1.07552,1.076,1,smt,eu+dxy
2024-02-06 08:45:00+00:00,EURUSD,-1,1.07517,1.076,1,cont,eu+gu+dxy
2024-02-06 08:50:00+00:00,EURUSD,-1,1.0748,1.076,3,smt,gu+dxy
2024-02-16 12:00:00+00:00,GBPUSD,-1,1.25988,1.25981,2,cont,eu+gu+dxy
2024-02-20 08:00:00+00:00,EURUSD,1,1.07697,1.07674,3,cont,eu+gu+dxy
2024-02-23 13:40:00+00:00,GBPUSD,1,1.26887,1.26818,2,smt,gu+dxy
2024-02-23 13:45:00+00:00,GBPUSD,1,1.26868,1.26818,1,cont,eu+gu+dxy
2024-02-23 13:50:00+00:00,GBPUSD,1,1.2689,1.26818,1,cont,eu+gu+dxy
2024-02-23 13:55:00+00:00,GBPUSD,1,1.269,1.26818,3,cont,eu+gu+dxy
2024-02-27 12:55:00+00:00,EURUSD,-1,1.08577,1.0863,3,smt,eu+dxy
2024-03-01 08:45:00+00:00,GBPUSD,-1,1.2634,1.26412,3,noref,gu
2024-03-07 08:15:00+00:00,GBPUSD,1,1.27364,1.27318,0,noref,eu
2024-03-07 08:20:00+00:00,GBPUSD,1,1.27358,1.27318,0,noref,eu
2024-03-07 08:25:00+00:00,GBPUSD,1,1.27376,1.27318,0,noref,eu
2024-03-07 09:20:00+00:00,GBPUSD,1,1.27335,1.27292,1,smt,gu+dxy
2024-03-07 09:25:00+00:00,GBPUSD,1,1.27389,1.27292,1,smt,gu+dxy
2024-03-07 09:30:00+00:00,GBPUSD,1,1.27467,1.27292,2,cont,eu+gu+dxy
2024-03-07 09:35:00+00:00,GBPUSD,1,1.27456,1.27292,2,cont,eu+gu+dxy
2024-03-07 13:30:00+00:00,GBPUSD,1,1.27525,1.27445,1,smt,eu+dxy
2024-03-07 13:35:00+00:00,GBPUSD,1,1.27527,1.27445,1,cont,eu+gu+dxy
2024-03-07 13:40:00+00:00,GBPUSD,1,1.2752,1.27445,1,cont,eu+gu+dxy
2024-03-08 14:35:00+00:00,GBPUSD,1,1.28813,1.28609,3,smt,eu+dxy
2024-03-08 14:40:00+00:00,GBPUSD,1,1.28719,1.28609,3,smt,eu+dxy
2024-03-11 08:00:00+00:00,EURUSD,1,1.09421,1.0937,2,smt,eu+gu
2024-03-14 07:35:00+00:00,EURUSD,-1,1.09377,1.09428,1,cont,eu+gu+dxy
2024-03-14 07:40:00+00:00,EURUSD,-1,1.09336,1.09428,2,noref,gu
2024-03-15 11:35:00+00:00,GBPUSD,1,1.2753,1.27473,1,smt,eu+gu
2024-03-18 12:00:00+00:00,EURUSD,-1,1.09024,1.09061,1,noref,eu
2024-03-18 12:05:00+00:00,EURUSD,-1,1.09034,1.09061,1,noref,eu
2024-03-18 12:10:00+00:00,EURUSD,-1,1.09034,1.09061,1,noref,eu
2024-03-18 12:15:00+00:00,EURUSD,-1,1.0903,1.09061,1,noref,eu
2024-03-20 07:50:00+00:00,EURUSD,-1,1.08658,1.0872,3,none,none
2024-03-20 07:55:00+00:00,EURUSD,-1,1.08656,1.0872,3,smt,gu
2024-03-25 08:15:00+00:00,GBPUSD,1,1.261,1.25964,2,cont,eu+gu+dxy
2024-03-26 11:30:00+00:00,EURUSD,1,1.08548,1.08539,0,smt,eu+dxy
2024-03-26 11:35:00+00:00,EURUSD,1,1.08568,1.08533,2,cont,eu+gu+dxy
2024-04-04 13:30:00+00:00,EURUSD,1,1.08558,1.08507,3,noref,gu
2024-04-08 08:05:00+00:00,GBPUSD,-1,1.26267,1.26344,1,smt,gu+dxy
2024-04-08 08:10:00+00:00,GBPUSD,-1,1.26222,1.26344,1,smt,gu+dxy
2024-04-22 08:30:00+00:00,GBPUSD,-1,1.23627,1.2385,2,cont,eu+gu+dxy
2024-04-23 11:30:00+00:00,GBPUSD,-1,1.23548,1.23639,1,smt,gu
2024-04-23 12:00:00+00:00,EURUSD,1,1.06549,1.06532,3,cont,eu+gu+dxy
2024-04-25 12:40:00+00:00,EURUSD,-1,1.07223,1.07297,2,cont,eu+gu+dxy
2024-05-01 07:55:00+00:00,GBPUSD,-1,1.24681,1.24785,3,cont,eu+gu+dxy
2024-05-15 12:20:00+00:00,GBPUSD,1,1.26147,1.26028,3,noref,eu
2024-05-16 12:00:00+00:00,EURUSD,1,1.08722,1.08664,3,cont,eu+gu+dxy
2024-05-16 12:05:00+00:00,EURUSD,1,1.08729,1.08664,1,noref,eu
2024-05-21 13:10:00+00:00,EURUSD,-1,1.08638,1.08706,3,cont,eu+gu+dxy
2024-05-21 13:15:00+00:00,EURUSD,-1,1.08633,1.08706,3,cont,eu+gu+dxy
2024-05-21 13:20:00+00:00,EURUSD,-1,1.08618,1.08706,3,smt,eu+dxy
2024-05-21 13:25:00+00:00,EURUSD,-1,1.08616,1.08706,2,smt,dxy
2024-05-22 08:05:00+00:00,EURUSD,-1,1.08589,1.08633,1,cont,eu+gu+dxy
2024-05-22 08:10:00+00:00,EURUSD,-1,1.08549,1.08633,3,noref,gu
2024-05-29 07:05:00+00:00,GBPUSD,1,1.27496,1.27485,3,noref,eu
2024-05-29 11:45:00+00:00,EURUSD,1,1.08447,1.0841,2,cont,eu+gu+dxy
2024-05-29 11:50:00+00:00,EURUSD,1,1.08448,1.0841,2,noref,gu
2024-05-29 11:55:00+00:00,EURUSD,1,1.08507,1.0841,3,cont,eu+gu+dxy
2024-06-03 07:20:00+00:00,EURUSD,-1,1.08489,1.08538,1,cont,eu+gu+dxy
2024-06-03 07:25:00+00:00,EURUSD,-1,1.08499,1.08538,1,cont,eu+gu+dxy
2024-06-03 08:05:00+00:00,EURUSD,-1,1.08539,1.08587,1,cont,eu+gu+dxy
2024-06-03 08:10:00+00:00,EURUSD,-1,1.08536,1.08587,3,smt,eu+dxy
2024-06-06 11:45:00+00:00,EURUSD,1,1.08782,1.08755,1,cont,eu+gu+dxy
2024-06-06 11:55:00+00:00,EURUSD,1,1.08758,1.08755,1,smt,eu+dxy
2024-06-06 12:25:00+00:00,GBPUSD,-1,1.27746,1.27859,1,none,none
2024-06-10 07:05:00+00:00,EURUSD,-1,1.07515,1.07553,3,cont,eu+gu+dxy
2024-06-11 08:00:00+00:00,EURUSD,-1,1.07681,1.07734,1,smt,eu+dxy
2024-06-11 08:05:00+00:00,EURUSD,-1,1.0768,1.07734,1,smt,eu+dxy
2024-06-11 08:10:00+00:00,EURUSD,-1,1.07661,1.07734,2,smt,eu+dxy
2024-06-12 08:10:00+00:00,GBPUSD,1,1.27409,1.27365,1,cont,eu+gu+dxy
2024-06-12 08:15:00+00:00,GBPUSD,1,1.27424,1.27365,1,cont,eu+gu+dxy
2024-06-12 08:20:00+00:00,GBPUSD,1,1.2741,1.27365,1,cont,eu+gu+dxy
2024-06-12 08:25:00+00:00,GBPUSD,1,1.27407,1.27365,1,noref,gu
2024-06-14 08:35:00+00:00,EURUSD,-1,1.07185,1.07271,2,none,none
2024-06-19 07:35:00+00:00,EURUSD,-1,1.07334,1.07414,2,noref,gu
2024-06-28 13:05:00+00:00,EURUSD,1,1.07028,1.0692,3,smt,eu+dxy
2024-06-28 13:10:00+00:00,EURUSD,1,1.07054,1.0692,3,smt,eu+dxy
2024-07-03 11:30:00+00:00,GBPUSD,1,1.2698,1.26942,3,smt,gu
2024-07-03 11:35:00+00:00,GBPUSD,1,1.26975,1.26942,3,smt,gu
2024-07-03 12:45:00+00:00,GBPUSD,1,1.27022,1.26961,2,cont,eu+gu+dxy
2024-07-03 12:50:00+00:00,GBPUSD,1,1.27031,1.26961,2,cont,eu+gu+dxy
2024-07-04 11:05:00+00:00,EURUSD,1,1.07976,1.07952,3,cont,eu+gu+dxy
2024-07-05 13:05:00+00:00,GBPUSD,1,1.27883,1.27828,1,noref,eu
2024-07-05 13:10:00+00:00,GBPUSD,1,1.27921,1.27828,3,cont,eu+gu+dxy
2024-07-08 11:00:00+00:00,GBPUSD,1,1.28189,1.28127,1,smt,eu+dxy
2024-07-08 12:35:00+00:00,GBPUSD,1,1.28273,1.2814,1,none,none
2024-07-09 07:15:00+00:00,EURUSD,1,1.0826,1.08262,0,cont,eu+gu+dxy
2024-07-09 07:20:00+00:00,EURUSD,1,1.0826,1.08262,0,cont,eu+gu+dxy
2024-07-09 07:25:00+00:00,EURUSD,1,1.08284,1.08246,3,cont,eu+gu+dxy
2024-07-09 07:30:00+00:00,EURUSD,1,1.08289,1.08246,3,cont,eu+gu+dxy
2024-07-09 07:35:00+00:00,EURUSD,1,1.08278,1.08246,3,cont,eu+gu+dxy
2024-07-09 07:40:00+00:00,EURUSD,1,1.08265,1.08246,3,cont,eu+gu+dxy
2024-07-10 11:25:00+00:00,GBPUSD,1,1.28095,1.28022,3,smt,eu+dxy
2024-07-12 08:10:00+00:00,GBPUSD,1,1.29127,1.29023,1,noref,eu
2024-07-12 08:15:00+00:00,GBPUSD,1,1.29107,1.29023,1,noref,eu
2024-07-12 08:20:00+00:00,GBPUSD,1,1.29144,1.29023,2,smt,eu+dxy
2024-07-16 07:35:00+00:00,GBPUSD,-1,1.29537,1.29607,1,smt,gu
2024-07-16 07:40:00+00:00,GBPUSD,-1,1.29546,1.29607,1,smt,gu
2024-07-16 11:00:00+00:00,GBPUSD,1,1.29675,1.29579,2,cont,eu+gu+dxy
2024-07-24 12:20:00+00:00,GBPUSD,1,1.29067,1.28998,1,cont,eu+gu+dxy
2024-07-26 07:00:00+00:00,GBPUSD,-1,1.28627,1.28648,2,noref,eu
2024-08-02 11:20:00+00:00,EURUSD,1,1.08192,1.08156,1,smt,eu+gu
2024-08-02 11:25:00+00:00,EURUSD,1,1.08209,1.08156,1,smt,eu
2024-08-02 11:30:00+00:00,EURUSD,1,1.08179,1.08156,1,smt,eu
2024-08-02 11:35:00+00:00,EURUSD,1,1.08188,1.08156,1,smt,eu+dxy
2024-08-05 11:20:00+00:00,EURUSD,1,1.09457,1.0933,1,cont,eu+gu+dxy
2024-08-05 11:25:00+00:00,EURUSD,1,1.09446,1.0933,1,cont,eu+gu+dxy
2024-08-05 11:30:00+00:00,EURUSD,1,1.09479,1.0933,2,cont,eu+gu+dxy
2024-08-05 11:35:00+00:00,EURUSD,1,1.09447,1.0933,2,smt,eu
2024-08-06 11:35:00+00:00,GBPUSD,-1,1.26973,1.27125,1,smt,eu
2024-08-06 11:40:00+00:00,GBPUSD,-1,1.26993,1.27125,1,none,none
2024-08-12 13:15:00+00:00,EURUSD,-1,1.09228,1.09288,3,cont,eu+gu+dxy
2024-08-12 13:20:00+00:00,EURUSD,-1,1.09218,1.09288,3,cont,eu+gu+dxy
2024-08-12 13:25:00+00:00,EURUSD,-1,1.09224,1.09288,3,cont,eu+gu+dxy
2024-08-13 13:15:00+00:00,GBPUSD,-1,1.27887,1.27934,1,noref,dxy
2024-08-13 13:20:00+00:00,GBPUSD,-1,1.27843,1.27934,3,noref,dxy
2024-08-13 13:25:00+00:00,GBPUSD,-1,1.27866,1.27934,3,noref,dxy
2024-08-14 07:30:00+00:00,EURUSD,1,1.09915,1.09863,1,noref,dxy
2024-08-14 07:35:00+00:00,EURUSD,1,1.0991,1.09863,1,noref,eu
2024-08-14 07:40:00+00:00,EURUSD,1,1.09956,1.09863,1,noref,gu
2024-08-14 07:45:00+00:00,EURUSD,1,1.09947,1.09863,1,none,none
2024-08-21 11:30:00+00:00,GBPUSD,1,1.3033,1.30205,2,none,none
2024-08-21 13:00:00+00:00,GBPUSD,1,1.30313,1.30276,2,smt,eu+dxy
2024-08-21 13:05:00+00:00,GBPUSD,1,1.30295,1.30276,1,smt,eu+dxy
2024-08-21 13:10:00+00:00,GBPUSD,1,1.30304,1.30276,1,smt,eu+dxy
2024-08-28 08:40:00+00:00,EURUSD,-1,1.11504,1.11578,3,smt,gu+dxy
2024-08-29 11:00:00+00:00,GBPUSD,-1,1.31935,1.3202,1,smt,gu
2024-08-29 12:35:00+00:00,GBPUSD,-1,1.31876,1.31992,2,smt,dxy
2024-09-20 08:25:00+00:00,EURUSD,-1,1.11751,1.11818,2,smt,eu+gu
2024-09-20 12:15:00+00:00,EURUSD,-1,1.11553,1.11605,1,smt,gu
2024-09-20 12:20:00+00:00,EURUSD,-1,1.11581,1.11605,1,smt,gu
2024-09-20 12:25:00+00:00,EURUSD,-1,1.11591,1.11605,0,smt,gu
2024-09-20 12:30:00+00:00,EURUSD,-1,1.11587,1.11605,0,smt,gu
2024-09-20 13:40:00+00:00,EURUSD,-1,1.11678,1.11723,1,noref,gu
2024-09-23 07:00:00+00:00,EURUSD,-1,1.11631,1.11672,3,cont,eu+gu+dxy
2024-09-23 07:05:00+00:00,EURUSD,-1,1.11611,1.11672,3,cont,eu+gu+dxy
2024-09-23 07:10:00+00:00,EURUSD,-1,1.1159,1.11672,3,cont,eu+gu+dxy
2024-09-23 07:45:00+00:00,GBPUSD,-1,1.33166,1.33199,1,noref,dxy
2024-09-23 07:50:00+00:00,GBPUSD,-1,1.33149,1.33199,1,smt,gu+dxy
2024-09-23 07:55:00+00:00,GBPUSD,-1,1.33103,1.33199,2,cont,eu+gu+dxy
2024-09-25 13:05:00+00:00,GBPUSD,1,1.33818,1.3366,2,none,none
2024-09-26 13:15:00+00:00,GBPUSD,1,1.33795,1.33689,1,smt,eu
2024-09-26 13:20:00+00:00,GBPUSD,1,1.33802,1.33689,1,cont,eu+gu+dxy
2024-09-26 13:25:00+00:00,GBPUSD,1,1.338,1.33689,1,cont,eu+gu+dxy
2024-09-26 13:30:00+00:00,GBPUSD,1,1.33739,1.33689,3,none,none
2024-10-07 11:55:00+00:00,GBPUSD,-1,1.30648,1.30769,1,none,none
2024-10-07 12:15:00+00:00,EURUSD,1,1.09709,1.09622,3,cont,eu+gu+dxy
2024-10-07 12:20:00+00:00,EURUSD,1,1.09722,1.09622,3,cont,eu+gu+dxy
2024-10-07 12:25:00+00:00,EURUSD,1,1.0973,1.09622,3,noref,gu
2024-10-07 12:30:00+00:00,EURUSD,1,1.0972,1.09622,3,noref,gu
2024-10-08 13:15:00+00:00,EURUSD,-1,1.09816,1.09898,2,cont,eu+gu+dxy
2024-10-11 08:20:00+00:00,EURUSD,-1,1.09341,1.09428,2,cont,eu+gu+dxy
2024-10-11 08:25:00+00:00,EURUSD,-1,1.09333,1.09428,2,cont,eu+gu+dxy
2024-10-11 08:30:00+00:00,EURUSD,-1,1.09369,1.09428,2,cont,eu+gu+dxy
2024-10-11 08:35:00+00:00,EURUSD,-1,1.0938,1.09428,2,noref,eu
2024-10-14 07:00:00+00:00,EURUSD,-1,1.09259,1.09257,0,cont,eu+gu+dxy
2024-10-14 07:55:00+00:00,EURUSD,-1,1.09274,1.09304,1,noref,dxy
2024-11-06 09:20:00+00:00,EURUSD,-1,1.0761,1.07812,1,smt,eu
2024-11-06 09:25:00+00:00,EURUSD,-1,1.07584,1.07812,2,none,none
2024-11-06 14:25:00+00:00,GBPUSD,-1,1.28526,1.28719,1,none,none
2024-11-07 08:10:00+00:00,EURUSD,1,1.07559,1.07491,1,smt,gu+dxy
2024-11-07 08:15:00+00:00,EURUSD,1,1.07596,1.07491,2,smt,gu+dxy
2024-11-07 08:20:00+00:00,EURUSD,1,1.07708,1.07491,3,smt,gu+dxy
2024-11-07 08:25:00+00:00,EURUSD,1,1.07699,1.07491,3,smt,gu+dxy
2024-11-07 12:05:00+00:00,GBPUSD,1,1.29382,1.2897,1,smt,gu
2024-11-07 12:10:00+00:00,GBPUSD,1,1.29304,1.2897,1,smt,gu+dxy
2024-11-07 12:15:00+00:00,GBPUSD,1,1.29339,1.2897,1,smt,gu+dxy
2024-11-18 08:35:00+00:00,GBPUSD,-1,1.26186,1.26305,2,noref,eu
2024-11-19 08:30:00+00:00,GBPUSD,-1,1.26708,1.2679,1,cont,eu+gu+dxy
2024-11-19 13:00:00+00:00,GBPUSD,-1,1.26437,1.26388,0,smt,gu+dxy
2024-11-19 13:05:00+00:00,GBPUSD,-1,1.26479,1.26388,0,cont,eu+gu+dxy
2024-11-21 09:20:00+00:00,EURUSD,-1,1.05267,1.05432,2,smt,eu+dxy
2024-12-02 13:50:00+00:00,EURUSD,-1,1.05025,1.05142,2,none,none
2024-12-11 14:25:00+00:00,EURUSD,-1,1.05108,1.05373,2,none,none
2024-12-19 13:50:00+00:00,GBPUSD,-1,1.26028,1.26207,1,smt,eu+dxy
2024-12-26 08:20:00+00:00,GBPUSD,-1,1.25291,1.25327,2,smt,eu
2025-01-02 14:40:00+00:00,GBPUSD,-1,1.2391,1.24111,1,cont,eu+gu+dxy
2025-01-06 14:35:00+00:00,GBPUSD,-1,1.2488,1.25369,1,none,none
2025-01-07 14:00:00+00:00,GBPUSD,-1,1.2542,1.25478,3,smt,eu+gu
2025-01-08 08:50:00+00:00,EURUSD,-1,1.032,1.03397,2,none,none
2025-01-08 08:55:00+00:00,EURUSD,-1,1.03231,1.03397,2,none,none
2025-01-08 09:00:00+00:00,EURUSD,-1,1.03187,1.03397,2,none,none
2025-01-08 09:05:00+00:00,EURUSD,-1,1.03227,1.03397,2,none,none
2025-01-08 12:35:00+00:00,GBPUSD,-1,1.23286,1.23793,1,none,none
2025-01-08 12:40:00+00:00,GBPUSD,-1,1.23381,1.23793,1,none,none
2025-01-13 09:00:00+00:00,GBPUSD,-1,1.21353,1.21711,1,none,none
2025-01-17 08:40:00+00:00,GBPUSD,-1,1.21882,1.21971,2,cont,eu+gu+dxy
2025-01-23 08:10:00+00:00,GBPUSD,-1,1.22988,1.23073,3,cont,eu+gu+dxy
2025-02-04 12:40:00+00:00,EURUSD,1,1.03263,1.03201,2,noref,gu
2025-02-12 08:55:00+00:00,EURUSD,1,1.03749,1.037,1,smt,gu
2025-02-12 09:30:00+00:00,EURUSD,1,1.03676,1.03646,1,noref,gu
2025-02-12 09:35:00+00:00,EURUSD,1,1.03722,1.03646,2,noref,gu
2025-02-20 13:10:00+00:00,EURUSD,1,1.04422,1.04331,3,smt,gu+dxy
2025-03-11 07:25:00+00:00,EURUSD,1,1.08794,1.08541,2,smt,eu+dxy
2025-03-11 13:35:00+00:00,EURUSD,1,1.09236,1.09112,2,cont,eu+gu+dxy
2025-03-11 13:40:00+00:00,EURUSD,1,1.09209,1.09112,3,smt,eu
2025-03-12 11:05:00+00:00,GBPUSD,1,1.29421,1.29293,1,cont,eu+gu+dxy
2025-03-12 11:10:00+00:00,GBPUSD,1,1.29433,1.29293,1,none,none
2025-03-24 08:15:00+00:00,GBPUSD,1,1.29454,1.29394,2,smt,dxy
2025-03-24 08:20:00+00:00,GBPUSD,1,1.29471,1.29394,1,smt,dxy
2025-03-26 11:40:00+00:00,GBPUSD,-1,1.29102,1.29103,0,cont,eu+gu+dxy
2025-03-26 11:45:00+00:00,GBPUSD,-1,1.29066,1.29103,0,smt,eu+gu
2025-03-26 11:50:00+00:00,GBPUSD,-1,1.2905,1.29119,3,smt,gu
2025-03-26 11:55:00+00:00,GBPUSD,-1,1.29042,1.29119,3,smt,gu
2025-03-27 12:50:00+00:00,EURUSD,-1,1.07945,1.07981,2,cont,eu+gu+dxy
2025-03-28 12:25:00+00:00,GBPUSD,-1,1.29285,1.29326,1,cont,eu+gu+dxy
2025-03-31 07:20:00+00:00,GBPUSD,1,1.2961,1.29485,1,cont,eu+gu+dxy
2025-03-31 07:25:00+00:00,GBPUSD,1,1.29616,1.29485,2,cont,eu+gu+dxy
2025-04-02 08:15:00+00:00,GBPUSD,1,1.29046,1.29103,0,cont,eu+gu+dxy
2025-04-02 08:20:00+00:00,GBPUSD,1,1.29044,1.29103,0,cont,eu+gu+dxy
2025-04-02 11:50:00+00:00,GBPUSD,1,1.29349,1.29292,3,cont,eu+gu+dxy
2025-04-03 07:30:00+00:00,EURUSD,1,1.09487,1.09346,2,cont,eu+gu+dxy
2025-04-07 08:00:00+00:00,EURUSD,1,1.10027,1.09953,2,smt,gu
2025-04-07 12:00:00+00:00,GBPUSD,-1,1.28247,1.28605,3,smt,eu+gu
2025-04-08 08:00:00+00:00,EURUSD,-1,1.09765,1.09916,2,noref,gu
2025-04-08 08:05:00+00:00,EURUSD,-1,1.09729,1.09916,3,noref,eu
2025-04-08 08:10:00+00:00,EURUSD,-1,1.09776,1.09916,3,noref,eu
2025-04-08 08:15:00+00:00,EURUSD,-1,1.09768,1.09916,3,noref,eu
2025-04-15 07:30:00+00:00,EURUSD,-1,1.13433,1.13643,3,cont,eu+gu+dxy
2025-04-15 07:35:00+00:00,EURUSD,-1,1.13506,1.13643,3,cont,eu+gu+dxy
2025-04-15 07:40:00+00:00,EURUSD,-1,1.13419,1.13643,2,none,none
2025-04-15 07:45:00+00:00,EURUSD,-1,1.13379,1.13643,2,none,none
2025-04-16 08:15:00+00:00,GBPUSD,1,1.32657,1.32568,3,smt,gu
2025-04-17 07:00:00+00:00,GBPUSD,1,1.32096,1.32042,2,cont,eu+gu+dxy
2025-04-18 07:30:00+00:00,EURUSD,-1,1.13708,1.13763,1,smt,eu
2025-04-18 07:35:00+00:00,EURUSD,-1,1.13712,1.13763,1,smt,eu
2025-04-18 07:40:00+00:00,EURUSD,-1,1.13703,1.13763,1,smt,eu+gu
2025-04-18 07:45:00+00:00,EURUSD,-1,1.13706,1.13763,1,none,none
2025-04-29 13:30:00+00:00,EURUSD,1,1.13861,1.137,2,noref,eu
2025-04-30 13:30:00+00:00,EURUSD,1,1.13753,1.13697,3,smt,gu
2025-05-05 07:00:00+00:00,EURUSD,-1,1.13333,1.13473,3,noref,gu
2025-05-09 11:20:00+00:00,GBPUSD,1,1.32742,1.32626,2,cont,eu+gu+dxy
2025-05-12 07:30:00+00:00,EURUSD,-1,1.12278,1.12339,2,cont,eu+gu+dxy
2025-05-14 11:35:00+00:00,GBPUSD,1,1.33426,1.33357,2,cont,eu+gu+dxy
2025-05-15 12:00:00+00:00,EURUSD,-1,1.12002,1.12113,3,cont,eu+gu+dxy
2025-05-15 12:05:00+00:00,EURUSD,-1,1.11985,1.12113,3,smt,gu
2025-05-20 12:45:00+00:00,GBPUSD,-1,1.33634,1.33718,3,smt,eu
2025-05-20 12:50:00+00:00,GBPUSD,-1,1.33596,1.33718,3,smt,eu
2025-05-21 08:40:00+00:00,EURUSD,1,1.13283,1.1314,2,cont,eu+gu+dxy
2025-05-22 13:25:00+00:00,EURUSD,-1,1.1306,1.13148,1,smt,eu
2025-05-23 12:35:00+00:00,GBPUSD,1,1.35073,1.3493,3,smt,eu+gu
2025-06-04 11:40:00+00:00,GBPUSD,-1,1.35245,1.35382,1,none,none
2025-06-05 11:10:00+00:00,EURUSD,1,1.14206,1.14113,3,smt,gu
2025-06-05 11:15:00+00:00,EURUSD,1,1.14244,1.14113,3,none,none
2025-06-10 07:15:00+00:00,EURUSD,1,1.14078,1.13996,2,smt,gu
2025-06-12 12:05:00+00:00,GBPUSD,1,1.35981,1.35718,1,smt,gu
2025-06-12 12:10:00+00:00,GBPUSD,1,1.35954,1.35718,1,smt,gu+dxy
2025-06-12 13:00:00+00:00,GBPUSD,1,1.35922,1.35791,1,smt,eu+dxy
2025-06-12 13:05:00+00:00,GBPUSD,1,1.35826,1.35791,1,cont,eu+gu+dxy
2025-06-12 13:10:00+00:00,GBPUSD,1,1.35802,1.35791,1,none,none
2025-06-12 13:15:00+00:00,GBPUSD,1,1.35809,1.35791,1,none,none
2025-06-16 12:20:00+00:00,GBPUSD,1,1.35887,1.35756,1,cont,eu+gu+dxy
2025-06-16 12:25:00+00:00,GBPUSD,1,1.35894,1.35756,1,cont,eu+gu+dxy
2025-06-16 12:30:00+00:00,GBPUSD,1,1.35843,1.35756,1,noref,gu
2025-06-16 12:35:00+00:00,GBPUSD,1,1.35833,1.35756,1,none,none
2025-06-20 12:00:00+00:00,GBPUSD,1,1.34951,1.3488,1,cont,eu+gu+dxy
2025-06-20 12:05:00+00:00,GBPUSD,1,1.34925,1.3488,1,smt,eu+dxy
2025-06-20 12:10:00+00:00,GBPUSD,1,1.34952,1.3488,1,smt,eu+dxy
2025-06-20 12:15:00+00:00,GBPUSD,1,1.34914,1.3488,1,smt,eu+dxy
2025-06-24 08:30:00+00:00,GBPUSD,1,1.3583,1.35726,1,smt,eu
2025-06-24 08:35:00+00:00,GBPUSD,1,1.35703,1.35726,0,cont,eu+gu+dxy
2025-06-24 13:35:00+00:00,GBPUSD,1,1.36041,1.35945,3,cont,eu+gu+dxy
2025-06-24 13:40:00+00:00,GBPUSD,1,1.36035,1.35945,3,cont,eu+gu+dxy
2025-06-26 07:10:00+00:00,GBPUSD,1,1.37012,1.36983,1,smt,eu
2025-06-26 07:45:00+00:00,GBPUSD,1,1.37082,1.3698,2,noref,eu
2025-06-26 07:50:00+00:00,GBPUSD,1,1.3708,1.3698,2,none,none
2025-06-26 07:55:00+00:00,GBPUSD,1,1.37118,1.3698,2,cont,eu+gu+dxy
2025-06-26 12:55:00+00:00,GBPUSD,1,1.37062,1.36992,1,noref,gu
2025-06-26 13:00:00+00:00,GBPUSD,1,1.37073,1.36992,1,noref,gu
2025-06-26 13:05:00+00:00,GBPUSD,1,1.3704,1.36992,1,cont,eu+gu+dxy
2025-06-26 13:10:00+00:00,GBPUSD,1,1.37012,1.36992,1,noref,eu
2025-06-27 11:50:00+00:00,EURUSD,1,1.17076,1.17011,2,cont,eu+gu+dxy
2025-06-30 07:30:00+00:00,EURUSD,1,1.17297,1.17232,3,smt,eu+dxy
2025-07-01 08:15:00+00:00,GBPUSD,1,1.37519,1.37322,2,cont,eu+gu+dxy
2025-07-01 08:20:00+00:00,GBPUSD,1,1.37569,1.37322,2,cont,eu+gu+dxy
2025-07-01 08:25:00+00:00,GBPUSD,1,1.37498,1.37322,2,cont,eu+gu+dxy
2025-07-01 08:30:00+00:00,GBPUSD,1,1.37529,1.37322,2,cont,eu+gu+dxy
2025-07-04 11:35:00+00:00,GBPUSD,-1,1.36518,1.36607,1,smt,gu
2025-07-04 11:40:00+00:00,GBPUSD,-1,1.36498,1.36607,1,smt,gu
2025-07-09 12:40:00+00:00,GBPUSD,-1,1.35844,1.35878,1,smt,eu+gu
2025-07-09 12:45:00+00:00,GBPUSD,-1,1.35864,1.35878,1,smt,gu
2025-07-09 12:50:00+00:00,GBPUSD,-1,1.35831,1.35878,0,smt,eu+gu
2025-07-09 12:55:00+00:00,GBPUSD,-1,1.35764,1.35878,2,smt,eu+gu
2025-07-11 07:00:00+00:00,GBPUSD,-1,1.35611,1.35638,3,cont,eu+gu+dxy
2025-07-25 13:30:00+00:00,GBPUSD,-1,1.34444,1.34542,3,smt,eu+dxy
2025-07-25 13:35:00+00:00,GBPUSD,-1,1.34409,1.34542,3,cont,eu+gu+dxy
2025-07-28 12:20:00+00:00,GBPUSD,-1,1.34121,1.34225,1,smt,gu
2025-07-28 12:25:00+00:00,GBPUSD,-1,1.34111,1.34225,1,smt,gu
2025-07-30 12:50:00+00:00,GBPUSD,1,1.33622,1.33571,1,noref,eu
2025-07-30 12:55:00+00:00,GBPUSD,1,1.3362,1.33571,2,noref,eu
2025-07-30 13:00:00+00:00,GBPUSD,1,1.33726,1.33571,3,noref,eu
2025-07-30 13:05:00+00:00,GBPUSD,1,1.33755,1.33571,3,noref,eu
2025-08-01 07:50:00+00:00,EURUSD,-1,1.1429,1.1438,1,noref,eu
2025-08-01 07:55:00+00:00,EURUSD,-1,1.14287,1.1438,2,cont,eu+gu+dxy
2025-08-01 12:35:00+00:00,GBPUSD,-1,1.3164,1.31734,3,cont,eu+gu+dxy
2025-08-05 12:10:00+00:00,GBPUSD,-1,1.32755,1.32949,2,smt,gu+dxy
2025-08-07 12:05:00+00:00,EURUSD,-1,1.1665,1.16766,1,cont,eu+gu+dxy
2025-08-07 12:10:00+00:00,EURUSD,-1,1.16594,1.16766,2,cont,eu+gu+dxy
2025-08-07 12:15:00+00:00,EURUSD,-1,1.16565,1.16766,2,cont,eu+gu+dxy
2025-08-07 12:20:00+00:00,EURUSD,-1,1.16546,1.16766,2,cont,eu+gu+dxy
2025-08-08 11:20:00+00:00,EURUSD,-1,1.16395,1.16473,2,noref,gu
2025-08-08 11:25:00+00:00,EURUSD,-1,1.1636,1.16473,3,smt,eu
2025-08-08 11:30:00+00:00,EURUSD,-1,1.1634,1.16473,3,smt,eu
2025-08-08 11:35:00+00:00,EURUSD,-1,1.1634,1.16473,3,smt,eu
2025-08-11 07:20:00+00:00,EURUSD,-1,1.16679,1.16737,2,cont,eu+gu+dxy
2025-08-14 11:20:00+00:00,EURUSD,1,1.16861,1.16805,2,smt,gu
2025-08-14 11:25:00+00:00,EURUSD,1,1.16909,1.16805,3,smt,eu+gu
2025-08-14 11:30:00+00:00,EURUSD,1,1.16952,1.16805,3,none,none
2025-08-14 11:35:00+00:00,EURUSD,1,1.16966,1.16805,3,none,none
2025-08-18 12:20:00+00:00,EURUSD,-1,1.16846,1.16882,3,cont,eu+gu+dxy
2025-08-18 12:25:00+00:00,EURUSD,-1,1.16873,1.16882,3,cont,eu+gu+dxy
2025-08-18 12:30:00+00:00,EURUSD,-1,1.16862,1.16882,3,cont,eu+gu+dxy
2025-08-18 12:35:00+00:00,EURUSD,-1,1.16826,1.16882,2,cont,eu+gu+dxy
2025-09-01 12:00:00+00:00,GBPUSD,1,1.35237,1.35233,0,cont,eu+gu+dxy
2025-09-01 12:05:00+00:00,GBPUSD,1,1.35284,1.35233,2,cont,eu+gu+dxy
2025-09-02 11:10:00+00:00,GBPUSD,-1,1.33955,1.34054,1,smt,eu+dxy
2025-09-02 11:15:00+00:00,GBPUSD,-1,1.33986,1.34054,1,cont,eu+gu+dxy
2025-09-02 11:20:00+00:00,GBPUSD,-1,1.33903,1.34054,3,cont,eu+gu+dxy
2025-09-03 12:00:00+00:00,GBPUSD,1,1.34037,1.33946,1,cont,eu+gu+dxy
2025-09-04 13:30:00+00:00,EURUSD,-1,1.16444,1.16582,2,cont,eu+gu+dxy
2025-09-04 13:35:00+00:00,EURUSD,-1,1.16387,1.16582,3,cont,eu+gu+dxy
2025-09-04 13:40:00+00:00,EURUSD,-1,1.16349,1.16582,3,cont,eu+gu+dxy
2025-09-05 11:20:00+00:00,EURUSD,1,1.16897,1.16831,1,none,none
2025-09-08 11:10:00+00:00,EURUSD,-1,1.17222,1.17283,3,none,none
2025-09-08 11:15:00+00:00,EURUSD,-1,1.17216,1.17283,3,none,none
2025-09-08 11:20:00+00:00,EURUSD,-1,1.17247,1.17283,3,cont,eu+gu+dxy
2025-09-09 11:00:00+00:00,EURUSD,-1,1.17675,1.17722,1,cont,eu+gu+dxy
2025-09-12 07:20:00+00:00,EURUSD,1,1.17291,1.17218,1,cont,eu+gu+dxy
2025-09-12 07:25:00+00:00,EURUSD,1,1.17272,1.17218,1,cont,eu+gu+dxy
2025-09-12 07:30:00+00:00,EURUSD,1,1.17247,1.17218,1,cont,eu+gu+dxy
2025-09-12 07:35:00+00:00,EURUSD,1,1.17276,1.17218,1,noref,gu
2025-09-17 07:55:00+00:00,EURUSD,1,1.18555,1.18513,1,noref,gu
2025-09-22 12:30:00+00:00,EURUSD,1,1.17736,1.17692,2,smt,gu
2025-09-25 12:00:00+00:00,GBPUSD,-1,1.3446,1.34564,3,cont,eu+gu+dxy
2025-10-01 13:20:00+00:00,GBPUSD,1,1.35086,1.34693,3,cont,eu+gu+dxy
2025-10-08 13:00:00+00:00,GBPUSD,1,1.34069,1.34007,1,smt,eu
2025-10-10 11:40:00+00:00,GBPUSD,-1,1.32834,1.32984,2,cont,eu+gu+dxy
2025-10-13 07:00:00+00:00,GBPUSD,-1,1.33477,1.3361,1,none,none
2025-10-13 07:05:00+00:00,GBPUSD,-1,1.33492,1.3361,1,none,none
2025-10-14 12:35:00+00:00,GBPUSD,-1,1.32689,1.32757,1,cont,eu+gu+dxy
2025-10-14 12:40:00+00:00,GBPUSD,-1,1.32687,1.32757,1,cont,eu+gu+dxy
2025-10-14 12:45:00+00:00,GBPUSD,-1,1.3265,1.32757,1,cont,eu+gu+dxy
2025-10-14 12:50:00+00:00,GBPUSD,-1,1.32647,1.32757,1,cont,eu+gu+dxy
2025-10-15 12:30:00+00:00,EURUSD,-1,1.16285,1.16299,0,noref,gu
2025-10-15 12:35:00+00:00,EURUSD,-1,1.16234,1.16299,1,cont,eu+gu+dxy
2025-10-15 12:40:00+00:00,EURUSD,-1,1.16262,1.16321,1,smt,eu+gu
2025-10-16 07:00:00+00:00,GBPUSD,1,1.34166,1.34115,2,noref,eu
2025-11-07 08:25:00+00:00,GBPUSD,-1,1.31167,1.31272,1,noref,gu
2025-11-07 08:30:00+00:00,GBPUSD,-1,1.31089,1.31272,1,noref,gu
2025-11-12 08:50:00+00:00,GBPUSD,-1,1.31375,1.31551,3,smt,eu+dxy
2025-11-18 08:05:00+00:00,GBPUSD,1,1.31657,1.3148,3,smt,eu+dxy
2025-11-18 08:10:00+00:00,GBPUSD,1,1.31736,1.3148,3,smt,eu+dxy
2025-11-21 08:00:00+00:00,EURUSD,-1,1.15411,1.15477,3,smt,eu+dxy
2025-11-27 08:20:00+00:00,GBPUSD,-1,1.32253,1.32417,2,cont,eu+gu+dxy
2025-12-04 08:00:00+00:00,GBPUSD,1,1.33364,1.33313,3,cont,eu+gu+dxy
2025-12-04 08:05:00+00:00,GBPUSD,1,1.33398,1.33313,3,none,none
2025-12-08 08:20:00+00:00,GBPUSD,-1,1.33239,1.33333,1,cont,eu+gu+dxy
2025-12-08 08:25:00+00:00,GBPUSD,-1,1.33244,1.33333,1,cont,eu+gu+dxy
2025-12-08 08:30:00+00:00,GBPUSD,-1,1.33209,1.33333,1,cont,eu+gu+dxy
2025-12-08 08:35:00+00:00,GBPUSD,-1,1.33224,1.33333,1,smt,dxy
2025-12-15 08:25:00+00:00,EURUSD,1,1.17332,1.17264,2,noref,eu
2025-12-16 14:30:00+00:00,EURUSD,1,1.1783,1.17568,1,none,none
2025-12-16 14:35:00+00:00,EURUSD,1,1.17849,1.17568,1,none,none
2025-12-16 14:40:00+00:00,EURUSD,1,1.17857,1.17568,1,none,none
