pair,leg_idx,direction,entry,exit,units,stop,target,pnl,opened_at,closed_at,reason,entry_type,session_side,target_type,target_rung,target_pd,target_pd_tf,path_blocked,path_block_tf,d1_fvg_dist_pips,d1_fvg_align,d1_fvg_pos,d1_pd_type,d1_pd_dist_pips,d1_pd_align,draw_score,im_scenario,entry_model,session_phase,profile,htf_fvg,dxy_fvg_tf,ny_cont,target_confluence,mstruct_pts,mstruct_align,mstruct_htf_dir,mstruct_minor_sweep,mstruct_intact_tf,dxy_mstruct_align,dxy_mstruct_sweep,dxy_rev_day,dxy_rev_tf,crt_tf,nwog,smt_idx,smt_dxy,target_escalated,tp_runner,tp1_price,soj_sweep,soj_type,amd_range_pips,amd_range_bars,amd_touches_hi,amd_touches_lo,amd_sweep_side,amd_sweep_depth,amd_sweep_aligned,amd_accum_start,amd_accum_end,amd_sweep_time,amd_sweep_time_m5,amd_swept_pdliq,amd_entry_zone,amd_liq_run,amd_source,bond_confirm,htf_smt,smt_pair_pref,golden_rule,golden_via,golden_ob_tf,golden_ob_state,golden_retrace_tf,mm_scenario,mm_ifvg_tf,mm_pd_stage,m1_diag,m1_smtz,m1_smtx,htf_smt_tf,mm_zone_lo,mm_zone_hi,mm_ifvg_zone_tf,mm_dxy_dir,mm_dxy_tf,mm_eurgbp_dir,mm_eurgbp_tf,golden_smt,golden_score,narrative_score,narrative_weekly_profile,narrative_nfp,narrative_rate,narrative_pd_prov,narrative_seasonal,narrative_htf_ob,narrative_d1_draw,htf_ob_context,htf_ob_liq_type,d1_draw_type,d1_draw_price,mm_adds,mfe_pips,lad_sess,lad_d3,lad_wk,lad_d30,lad_d60
EURUSD,1,1,1.16881,1.16777,2000,1.16781,1.1720000000000002,-38.4799999999974,2026-01-12 08:05:00+00:00,2026-01-12 08:10:00+00:00,stop,amd_fvg_h1,momentum,round_number,near,ifvg,D,False,,15.4,against,behind,ob,0.0,against,1,3b,judas,london_judas,london,,,False,1,0,,0,False,,,False,0,,,,False,False,False,False,,True,single,17.3,31.0,2.0,2.0,low,1.4,True,2026-01-09 16:15:00+00:00,2026-01-11 23:45:00+00:00,2026-01-12 00:00:00+00:00,2026-01-12 00:00:00+00:00,,,,m15_range,False,False,,golden,,,,,,,,,,,,,,,0,,0,,False,0,3,True,False,0,True,False,False,True,,,equal_hl,1.170045,0,1.1,,,77.7,,
EURUSD,1,-1,1.16626,1.1663000000000001,1000,1.16626,1.1623,-0.7400000000007401,2026-01-13 12:30:00+00:00,2026-01-13 13:30:00+00:00,stop,mss_breaker_m5,momentum,pdh_pdl,near,ob,240T,True,240T,0.0,with,inside,fvg,0.0,with,0,3a,breakout,ny_judas,ny,,,False,5,1,,0,True,,,True,1,60T,240T,,False,False,True,False,,True,single,24.8,57.0,3.0,2.0,low,0.9,False,2026-01-12 16:15:00+00:00,2026-01-13 06:15:00+00:00,2026-01-13 06:30:00+00:00,2026-01-13 06:40:00+00:00,False,discount,eql,m15_range,False,False,,against,,,,,,,,,,,,,,,0,,0,,False,0,2,True,False,0,False,False,False,True,,,equal_hl,1.163825,0,12.5,7.4,45.6,,,
GBPUSD,1,1,1.34507,1.34483,1000,1.34407,1.3485,-4.440000000000333,2026-01-14 09:00:00+00:00,2026-01-14 12:00:00+00:00,session_handover,amd_ob_m15,momentum,fib_extension,near,ifvg,D,True,240T,14.4,against,ahead,ob,0.0,against,1,2b,judas,london_judas,london,,,False,4,1,60T|15T,0,False,60T,,False,-1,60T,,,False,False,False,False,,True,single,7.9,12.0,2.0,2.0,low,0.8,True,2026-01-13 22:15:00+00:00,2026-01-14 01:00:00+00:00,2026-01-14 01:15:00+00:00,2026-01-14 01:25:00+00:00,True,premium,pdl,m15_range,False,False,confirmed,against,,,,,,,,,,,,,,,0,,0,,False,0,2,False,False,0,True,False,False,True,,,equal_hl,1.3459050000000001,0,7.9,,44.6,52.2,,
EURUSD,1,1,1.16489,1.16485,1013,1.16489,1.1680000000000001,-0.7496200000007497,2026-01-14 12:45:00+00:00,2026-01-14 13:15:00+00:00,stop,amd_ob_m15,momentum,round_number,near,ifvg,D,True,D,11.5,against,ahead,ob,9.9,against,1,3b,breakout,ny_judas,ny,,,False,3,1,240T,0,False,240T,,False,-1,60T,,,False,False,False,False,,True,single,14.6,27.0,2.0,4.0,low,0.8,True,2026-01-13 19:15:00+00:00,2026-01-14 01:45:00+00:00,2026-01-14 02:00:00+00:00,2026-01-14 02:10:00+00:00,True,premium,pdl,m15_range,False,False,confirmed,golden,,,,,,,,,,,,,,,0,,0,,False,0,4,True,False,0,True,False,True,True,continuation,pdhl,equal_hl,1.1660949999999999,0,11.0,0.7,50.4,116.9,,
GBPUSD,1,-1,1.34063,1.3376253000000002,1000,1.33963,1.3375753000000001,55.58694999999536,2026-01-15 12:45:00+00:00,2026-01-15 13:35:00+00:00,target,amd_fvg_h1,momentum,fib_extension,d3,,,False,,0.0,against,inside,fvg,0.0,against,1,1a_ip,breakout,ny_judas,ny,,,False,2,1,,0,False,,240T|60T,False,0,,,,False,False,False,False,,True,dual,16.5,18.0,2.0,3.0,high,5.6,True,2026-01-14 17:15:00+00:00,2026-01-14 21:30:00+00:00,2026-01-14 21:45:00+00:00,2026-01-14 21:55:00+00:00,False,discount,eqh,m15_range,False,False,confirmed,golden,,,,,,,,,,,,,,,0,,0,,False,0,4,True,False,0,True,False,True,True,continuation,pdhl,equal_hl,1.3391533333333332,0,31.2,,16.7,,,
EURUSD,1,1,1.16374,1.1637,2000,1.16374,1.1680115199999999,-1.4800000000014801,2026-01-19 14:30:00+00:00,2026-01-20 00:05:00+00:00,stop,amd_ob_m5,momentum,fib_extension,d3,ifvg,D,True,D,2.0,against,behind,ob,0.0,against,0,3b,breakout,ny_judas,ny,,,False,3,1,60T,0,False,60T,60T,False,0,,D,,False,False,True,False,,True,dual,17.1,25.0,3.0,2.0,low,11.0,True,2026-01-16 15:45:00+00:00,2026-01-16 21:45:00+00:00,2026-01-18 22:00:00+00:00,2026-01-18 22:05:00+00:00,,,,m15_range,False,False,,golden,,,,,,,,,,,,,,,0,,0,,False,0,3,True,False,0,True,False,False,True,,,equal_hl,1.16471,0,11.3,4.7,9.0,106.3,,
NZDUSD,1,1,0.584115,0.58304,2000,0.583115,0.58772282,-39.77500000000178,2026-01-20 08:00:00+00:00,2026-01-20 13:30:00+00:00,stop,amd_fvg_m5,momentum,fib_extension,near,,,False,,,,,,,,1,N-long,breakout,london_judas,london,,,False,2,1,60T,0,False,60T,60T,False,0,,,,False,False,False,False,,True,single,31.3,22.0,2.0,1.0,low,-28.3,True,2026-01-20 02:30:00+00:00,2026-01-20 07:45:00+00:00,2026-01-20 08:00:00+00:00,2026-01-20 08:00:00+00:00,False,premium,none,session_range,False,False,,,,,,,,,,,,,,,,,0,,0,,False,0,3,True,False,0,True,False,True,False,continuation,d1_fvg,,0.0,0,2.2,,,,,
GBPUSD,1,-1,1.34221,1.34226,1000,1.34221,1.33918,-0.925000000001952,2026-01-21 09:30:00+00:00,2026-01-21 12:35:00+00:00,stop,amd_ob_m5,momentum,pwh_pwl,near,ob,D,True,D,12.0,against,ahead,ob,0.0,with,1,1a_h4,breakout,london_judas,london,,,False,4,1,240T,0,False,240T,,False,0,,,,False,False,False,False,,True,dual,31.2,29.0,2.0,2.0,high,0.1,True,2026-01-20 18:15:00+00:00,2026-01-21 01:15:00+00:00,2026-01-21 01:30:00+00:00,2026-01-21 01:35:00+00:00,False,discount,none,m15_range,False,False,,golden,,,,,,,,,,,,,,,0,,0,,False,0,4,True,False,0,True,False,True,True,continuation,d1_fvg,equal_hl,1.34056,0,21.0,,82.4,31.3,,
EURUSD,1,1,1.1717899999999999,1.17075,1000,1.17079,1.175,-19.2399999999987,2026-01-22 13:15:00+00:00,2026-01-22 13:30:00+00:00,stop,amd_fvg_m5,momentum,round_number,near,,,False,,4.0,against,ahead,ifvg,4.0,against,1,2a,breakout,ny_judas,ny,,,False,5,1,,0,False,,240T,False,0,,,,False,False,False,False,,True,single,15.6,16.0,2.0,3.0,low,6.6,True,2026-01-21 19:30:00+00:00,2026-01-21 23:15:00+00:00,2026-01-21 23:30:00+00:00,2026-01-21 23:30:00+00:00,False,premium,eql,m15_range,False,False,confirmed,golden,,,,,,,,,,,,,,,0,,0,,False,0,3,False,False,0,True,False,True,True,continuation,d1_fvg,equal_hl,1.172525,0,0.7,,51.8,25.8,,
EURUSD,1,1,1.1847599999999998,1.1879600000000001,1000,1.1847599999999998,1.1880000000000002,59.2000000000058,2026-01-26 13:40:00+00:00,2026-01-26 15:30:00+00:00,target,amd_m1_shift_ifvg,golden,round_number,,,,False,,0.0,with,inside,fvg,0.0,with,2,golden,mm_golden,ny_golden,ny,,,False,3,0,,0,False,,,False,0,,,,False,False,False,False,,False,,29.3,20.0,2.0,2.0,low,,True,,,,,,,,m15_range,False,False,,golden,cascade,,failed,,2a,15T,ifvg,,,s2:noref:eu,,1.18301,1.18545,60T,0,,0,,True,1,3,True,False,0,True,False,False,True,,,equal_hl,1.1902249999999999,0,35.3,0.0,0.0,0.0,0.0,0.0
GBPUSD,1,1,1.36748,1.37095,2000,1.36748,1.371,128.3899999999949,2026-01-27 09:00:00+00:00,2026-01-27 11:55:00+00:00,target,amd_m1_shift_ob,golden,fib_extension,,,,False,,20.3,with,behind,ifvg,20.3,with,2,golden,mm_golden,london_golden,london,,,False,4,0,,0,False,,,False,0,,,,False,False,False,False,,False,,34.4,60.0,3.0,3.0,low,,True,,,,,,,,m15_range,False,False,,golden,own_ob,,respected,15T,2b,15T,ob,,,s3:noref:eu,,1.36478,1.36725,60T,0,,0,,True,2,2,True,False,0,True,False,False,False,,,,0.0,0,37.2,0.0,0.0,0.0,0.0,0.0
EURUSD,1,-1,1.19558,1.19662,2000,1.19658,1.192,-38.4799999999974,2026-01-28 13:45:00+00:00,2026-01-28 14:20:00+00:00,stop,amd_fvg_m5,momentum,round_number,near,fvg,240T,True,240T,105.2,against,ahead,ifvg,105.2,against,0,1b_h4,breakout,ny_judas,ny,,,False,1,1,60T|15T,0,False,60T,,False,0,,,,False,False,False,False,,True,single,18.3,13.0,2.0,2.0,high,20.4,True,2026-01-28 01:45:00+00:00,2026-01-28 04:45:00+00:00,2026-01-28 07:15:00+00:00,2026-01-28 07:15:00+00:00,False,discount,eqh,m15_range,False,False,,against,,,,,,,,,,,,,,,0,,0,,False,0,3,True,False,-1,True,False,False,True,,,equal_hl,1.1850399999999999,0,4.1,,122.0,379.0,,
GBPUSD,1,-1,1.36732,1.3643500000000002,2000,1.3663200000000002,1.3643,109.88999999999693,2026-02-02 13:00:00+00:00,2026-02-02 14:05:00+00:00,target,amd_fvg_m5,momentum,swing,d3,fvg,W,False,,18.0,with,behind,fvg,18.0,with,0,1a_ip,breakout,ny_judas,ny,,,False,3,1,60T,0,False,60T,60T,False,0,,240T,,False,False,False,False,,True,dual,29.6,21.0,2.0,3.0,high,9.5,True,2026-02-02 00:00:00+00:00,2026-02-02 05:00:00+00:00,2026-02-02 10:15:00+00:00,2026-02-02 10:15:00+00:00,,,,m15_range,False,False,confirmed,golden,,,,,,,,,,,,,,,0,,0,,False,0,5,True,True,0,True,False,True,True,continuation,d1_fvg,equal_hl,1.3486799999999999,0,30.9,14.2,12.5,293.1,,
EURUSD,1,-1,1.1802400000000002,1.1802800000000002,2000,1.1802400000000002,1.1770423200000002,-1.4800000000014801,2026-02-03 09:30:00+00:00,2026-02-03 13:05:00+00:00,stop,amd_ob_m15,momentum,fib_extension,d3,fvg,W,True,240T,0.0,against,inside,ifvg,0.0,against,1,3a,judas,london_judas,london,,,False,3,1,60T,0,False,60T,60T,False,0,,,,False,False,False,False,,True,single,33.3,37.0,2.0,2.0,high,4.1,True,2026-02-02 22:15:00+00:00,2026-02-03 07:15:00+00:00,2026-02-03 07:45:00+00:00,2026-02-03 07:45:00+00:00,False,discount,none,m15_range,False,False,,against,,,,,,,,,,,,,,,0,,0,,False,0,4,True,True,0,True,False,False,True,,,equal_hl,1.17779,0,19.9,18.3,27.5,199.0,,
GBPUSD,1,1,1.36401,1.3649599999999997,2000,1.3650099999999998,1.3676912399999999,35.14999999999202,2026-02-09 12:00:00+00:00,2026-02-09 13:15:00+00:00,stop,amd_fvg_m5,momentum,fib_extension,d3,fvg,240T,False,,0.0,with,inside,ifvg,0.0,with,0,2b_ip,breakout,ny_judas,ny,,,False,2,1,,0,False,,60T,False,0,,,,False,False,False,False,,True,dual,33.1,35.0,2.0,2.0,low,1.7,True,2026-02-06 21:15:00+00:00,2026-02-09 05:45:00+00:00,2026-02-09 08:30:00+00:00,2026-02-09 08:30:00+00:00,,,,m15_range,False,False,,against,,,,,,,,,,,,,,,0,,0,,False,0,3,True,False,0,True,False,False,True,,,equal_hl,1.368665,0,29.6,,14.6,229.9,229.9,
EURUSD,2,1,1.1899899999999999,1.1909499999999997,2000,1.1909899999999998,1.19369612,35.51999999999445,2026-02-09 13:20:00+00:00,2026-02-09 15:15:00+00:00,stop,pyramid_im0.8_fvg_m15,no_open,fib_extension,near,ob,D,False,,0.0,against,inside,ifvg,0.0,against,2,3b,breakout,ny_judas,ny,,,False,1,1,60T|15T,0,False,60T,60T,False,0,,,,False,False,True,False,,True,single,14.0,29.0,2.0,3.0,low,0.2,True,2026-02-06 15:45:00+00:00,2026-02-08 22:45:00+00:00,2026-02-08 23:00:00+00:00,2026-02-08 23:10:00+00:00,,,,m15_range,False,False,,golden,,,,,,,,,,,,,,,0,,0,,False,0,3,True,False,0,True,False,True,False,continuation,d1_fvg,,0.0,0,26.7,,,200.3,200.3,
EURUSD,1,1,1.18828,1.1892399999999999,2000,1.18928,1.19369612,35.51999999999445,2026-02-09 13:00:00+00:00,2026-02-10 12:45:00+00:00,stop,amd_fvg_m15,momentum,fib_extension,near,ob,D,False,,0.0,against,inside,ifvg,0.0,against,2,3b,breakout,ny_judas,ny,,,False,1,1,60T|15T,0,False,60T,60T,False,0,,,,False,False,True,False,,True,single,14.0,29.0,2.0,3.0,low,0.2,True,2026-02-06 15:45:00+00:00,2026-02-08 22:45:00+00:00,2026-02-08 23:00:00+00:00,2026-02-08 23:10:00+00:00,,,,m15_range,False,False,,golden,,,,,,,,,,,,,,,0,,0,,False,0,3,True,False,0,True,False,True,False,continuation,d1_fvg,,0.0,0,43.8,,,200.3,200.3,
GBPUSD,1,1,1.36806,1.36801,2000,1.36806,1.37108692,-1.850000000003904,2026-02-10 13:30:00+00:00,2026-02-10 14:35:00+00:00,stop,mss_fvg_m5,momentum,fib_extension,d3,ifvg,D,False,,10.6,against,ahead,ifvg,10.6,against,1,2b_ip,judas,ny_judas,ny,,,False,3,1,,0,False,,60T,False,1,60T,240T,,False,False,False,False,,True,single,33.9,37.0,2.0,3.0,high,1.0,False,2026-02-10 03:30:00+00:00,2026-02-10 12:30:00+00:00,2026-02-10 12:45:00+00:00,2026-02-10 12:55:00+00:00,False,premium,eqh,m15_range,False,False,confirmed,against,,,,,,,,,,,,,,,0,,0,,False,0,2,True,False,0,False,False,False,True,,,equal_hl,1.368665,0,15.8,17.2,20.3,189.4,189.4,
EURUSD,1,1,1.1904599999999999,1.1914199999999997,2000,1.1914599999999997,1.1940300000000001,35.51999999999445,2026-02-10 14:00:00+00:00,2026-02-10 14:45:00+00:00,stop,amd_fvg_m5,judas,fib_extension,d3,ob,D,False,,0.0,against,inside,ifvg,0.0,against,1,3b,judas,ny_judas,ny,,,False,1,1,60T|15T,0,False,60T,60T,False,0,,240T,,False,False,False,False,,True,single,25.7,79.0,2.0,3.0,low,8.0,True,2026-02-09 17:00:00+00:00,2026-02-10 12:30:00+00:00,2026-02-10 13:00:00+00:00,2026-02-10 13:00:00+00:00,False,premium,eql,m15_range,False,False,opposing,golden,,,,,,,,,,,,,,,0,,0,,False,0,4,True,False,0,True,False,True,True,continuation,d1_fvg,equal_hl,1.192755,0,23.9,16.1,22.9,178.5,178.5,
EURUSD,1,-1,1.19029,1.18683,2000,1.18679,1.1867480399999997,128.0200000000007,2026-02-11 12:05:00+00:00,2026-02-11 13:30:00+00:00,stop,amd_fvg_m5,momentum,fib_extension,near,ifvg,D,False,,0.0,with,inside,ifvg,0.0,with,1,1b_ip,judas,ny_judas,ny,,D,False,1,1,,0,True,,,True,1,60T,,,False,False,True,False,,True,single,9.9,16.0,5.0,3.0,high,7.3,True,2026-02-11 06:30:00+00:00,2026-02-11 10:15:00+00:00,2026-02-11 10:45:00+00:00,2026-02-11 10:55:00+00:00,False,discount,eqh,m15_range,False,False,,against,,,,,,,,,,,,,,,0,,0,,False,0,3,True,False,0,True,False,False,True,,,equal_hl,1.1891150000000001,0,69.8,17.6,94.1,69.1,326.1,
EURUSD,1,1,1.18854,1.1875,2000,1.18754,1.192,-38.4799999999974,2026-02-12 09:00:00+00:00,2026-02-12 10:45:00+00:00,stop,amd_fvg_m15,momentum,round_number,near,ob,D,True,240T,0.0,against,inside,ifvg,0.0,against,1,3b,breakout,london_judas,london,,,False,5,2,D|240T,1,False,D,D|240T,False,-1,60T,240T,,False,False,False,False,,True,dual,29.1,48.0,2.0,2.0,low,6.1,True,2026-02-11 18:15:00+00:00,2026-02-12 06:00:00+00:00,2026-02-12 06:30:00+00:00,2026-02-12 06:30:00+00:00,False,premium,eql,m15_range,False,False,,golden,,,,,,,,,,,,,,,0,,0,,False,0,3,False,False,0,True,False,True,True,continuation,d1_fvg,equal_hl,1.1898133333333332,0,2.4,0.1,44.0,197.7,197.7,
EURUSD,1,1,1.18657,1.1857,2000,1.18574,1.1898474600000002,-32.189999999997276,2026-02-13 13:00:00+00:00,2026-02-13 13:20:00+00:00,stop,amd_breaker_m15,momentum,fib_extension,near,ifvg,D,True,D,0.0,against,inside,ifvg,0.0,against,1,3b,judas,ny_judas,ny,,240T,False,2,2,D|15T,1,False,D,D,False,1,60T,,,False,False,False,False,,True,single,29.4,59.0,2.0,2.0,low,0.6,True,2026-02-12 16:45:00+00:00,2026-02-13 07:15:00+00:00,2026-02-13 07:30:00+00:00,2026-02-13 07:35:00+00:00,True,premium,pdl,m15_range,False,False,confirmed,golden,,,,,,,,,,,,,,,0,,0,,False,0,3,False,False,0,True,False,True,True,continuation,d1_fvg,equal_hl,1.1879650000000002,0,0.8,8.6,63.7,217.4,217.4,
GBPUSD,1,-1,1.35339,1.35444,2000,1.35439,1.34808914,-38.84999999999983,2026-02-17 13:15:00+00:00,2026-02-17 13:30:00+00:00,stop,amd_fvg_m5,momentum,fib_extension,near,fvg,D,False,,0.0,against,inside,ifvg,0.0,against,2,1a,judas,ny_judas,ny,,,False,2,1,15T,0,False,15T,,False,0,,D,,False,False,True,False,,True,single,30.1,13.0,1.0,2.0,high,-29.0,True,2026-02-17 08:30:00+00:00,2026-02-17 11:30:00+00:00,2026-02-17 11:45:00+00:00,2026-02-17 11:45:00+00:00,False,discount,none,session_range,False,False,,golden,,,,,,,,,,,,,,,0,,0,,False,0,4,True,False,0,True,False,True,True,continuation,d1_fvg,equal_hl,1.351275,0,0.3,,,26.6,194.2,
GBPUSD,1,-1,1.35548,1.3545300000000002,2000,1.3544800000000001,1.35230206,35.14999999999202,2026-02-18 14:00:00+00:00,2026-02-18 15:00:00+00:00,stop,amd_fvg_m5,momentum,fib_extension,near,fvg,W,False,,0.0,against,inside,ifvg,0.0,against,2,1a_ip,judas,ny_judas,ny,,,False,3,1,240T|60T|15T,0,False,240T,,False,0,,240T,,False,False,True,False,,True,dual,7.3,10.0,2.0,4.0,high,22.4,True,2026-02-18 04:15:00+00:00,2026-02-18 06:30:00+00:00,2026-02-18 10:00:00+00:00,2026-02-18 10:05:00+00:00,False,discount,eqh,m15_range,False,False,confirmed,golden,,,,,,,,,,,,,,,0,,0,,False,0,4,True,False,0,True,False,True,True,continuation,d1_fvg,equal_hl,1.351275,0,22.3,3.9,60.2,47.5,215.1,
EURUSD,1,-1,1.1836200000000001,1.1826600000000003,2000,1.1826200000000002,1.18049,35.51999999999445,2026-02-18 13:25:00+00:00,2026-02-18 15:00:00+00:00,stop,mss_fvg_m5,judas,pdh_pdl,near,fvg,W,False,,0.0,against,inside,ifvg,0.0,against,1,3a,judas,ny_judas,ny,,,False,5,1,,0,True,,,True,0,,240T,,False,False,True,False,,False,,22.1,36.0,5.0,2.0,low,3.0,False,2026-02-17 23:30:00+00:00,2026-02-18 08:15:00+00:00,2026-02-18 08:30:00+00:00,2026-02-18 08:40:00+00:00,False,discount,eql,m15_range,False,False,opposing,against,,,,,,,,,,,,,,,0,,0,,False,0,1,False,False,0,False,False,False,True,,,equal_hl,1.1810166666666666,0,24.4,,32.2,71.7,259.4,
GBPUSD,1,-1,1.3464800000000001,1.34732,2000,1.34727,1.34339,-31.079999999998222,2026-02-19 12:00:00+00:00,2026-02-19 12:30:00+00:00,stop,amd_fvg_m5,judas,swing,near,ob,D,False,,0.0,against,inside,fvg,0.0,against,1,1a_ip,breakout,ny_judas,ny,,,False,2,1,240T|60T,0,False,240T,,False,-1,D,240T,,False,False,False,False,,True,single,34.2,55.0,3.0,2.0,high,2.0,True,2026-02-18 18:30:00+00:00,2026-02-19 08:00:00+00:00,2026-02-19 09:00:00+00:00,2026-02-19 09:10:00+00:00,False,discount,eqh,m15_range,False,False,,golden,,,,,,,,,,,,,,,0,,0,,False,0,3,False,False,0,True,False,True,True,continuation,d1_fvg,equal_hl,1.3458,0,7.8,,,,125.1,
EURUSD,1,-1,1.1804100000000002,1.1794500000000003,2000,1.1794100000000003,1.1771,35.51999999999445,2026-02-23 09:15:00+00:00,2026-02-23 13:30:00+00:00,stop,mss_fvg_h1,momentum,fib_extension,near,fvg,W,False,,0.0,against,inside,ifvg,0.0,against,1,1b,judas,london_judas,london,,,False,2,1,240T|15T,0,False,240T,,False,1,60T,,,False,False,False,False,,True,single,13.5,18.0,2.0,2.0,low,2.1,False,2026-02-20 08:45:00+00:00,2026-02-20 13:00:00+00:00,2026-02-20 15:00:00+00:00,2026-02-20 15:05:00+00:00,,,,m15_range,False,False,,against,,,,,,,,,,,,,,,0,,0,,False,0,2,True,False,0,False,False,False,True,,,equal_hl,1.1787400000000001,0,29.7,14.9,63.2,,200.7,
GBPUSD,1,-1,1.35346,1.3535100000000002,2000,1.35346,1.35035462,-1.850000000003904,2026-02-26 08:00:00+00:00,2026-02-26 10:35:00+00:00,stop,amd_fvg_m5,momentum,fib_extension,near,fvg,W,False,,47.3,with,behind,fvg,47.3,with,2,1a,judas,london_judas,london,,,False,3,2,D,-1,False,D,,False,1,60T,D,,False,False,True,False,,True,single,24.1,35.0,2.0,4.0,high,2.9,True,2026-02-25 17:00:00+00:00,2026-02-26 01:30:00+00:00,2026-02-26 02:00:00+00:00,2026-02-26 02:00:00+00:00,False,discount,eqh,m15_range,False,False,confirmed,golden,,,,,,,,,,,,,,,0,,0,,False,0,3,False,False,0,True,False,True,True,continuation,d1_fvg,equal_hl,1.351275,0,15.5,,65.7,,134.5,
EURUSD,1,-1,1.1797900000000001,1.18016,2000,1.18079,1.176695,-13.689999999999314,2026-02-26 09:15:00+00:00,2026-02-26 12:00:00+00:00,session_handover,mss_fvg_m5,momentum,equal_hl,near,fvg,W,False,,0.0,against,inside,ifvg,0.0,against,1,3a,judas,london_judas,london,,,False,5,2,D,-1,False,D,,False,1,60T,D,,False,False,True,False,,True,dual,30.2,69.0,3.0,2.0,low,1.2,False,2026-02-25 16:00:00+00:00,2026-02-26 09:00:00+00:00,2026-02-26 09:15:00+00:00,2026-02-26 09:20:00+00:00,False,premium,eql,m15_range,False,False,,against,,,,,,,,,,,,,,,0,,0,,False,0,1,False,False,0,False,False,False,True,,,equal_hl,1.1787400000000001,0,4.8,,32.8,,126.1,
GBPUSD,1,-1,1.34504,1.34609,2000,1.34604,1.34011,-38.84999999999983,2026-02-27 13:30:00+00:00,2026-02-27 14:15:00+00:00,stop,amd_fvg_m5,momentum,itl_liquidity,d30,ifvg,D,True,D,8.6,against,behind,ob,0.0,against,2,1a,judas,ny_judas,ny,,,False,3,2,D|15T,-1,False,D,D|240T|60T,False,-1,60T,D,,False,False,True,False,,True,single,32.5,10.0,3.0,2.0,high,14.1,True,2026-02-27 05:15:00+00:00,2026-02-27 07:30:00+00:00,2026-02-27 08:00:00+00:00,2026-02-27 08:05:00+00:00,False,discount,eqh,m15_range,False,False,,golden,,,,,,,,,,,,,,,0,,0,,False,0,2,False,False,0,True,False,False,True,,,equal_hl,1.34422,0,11.0,,6.4,,17.7,
EURUSD,1,-1,1.17316,1.1700400000000002,2000,1.17316,1.1700000000000002,115.43999999999221,2026-03-02 12:00:00+00:00,2026-03-02 13:05:00+00:00,target,amd_m1_shift_ifvg,golden,round_number,,,,False,,61.9,against,ahead,fvg,61.9,against,2,golden,mm_golden,ny_golden,ny,,,False,2,0,,0,False,,,False,0,,,,False,False,False,False,,False,,13.5,8.0,3.0,2.0,high,,True,,,,,,,,m15_range,False,False,,golden,cascade,,failed,,1b,60T,ifvg,,,s3:cont:eu+gu+dxy,,1.17341,1.17659,60T,0,,0,,True,1,4,True,True,0,True,False,False,True,,,equal_hl,1.16722,0,34.9,0.0,0.0,0.0,0.0,0.0
GBPUSD,1,-1,1.3331,1.33315,2000,1.3331,1.33,-1.850000000003904,2026-03-03 08:00:00+00:00,2026-03-03 08:10:00+00:00,stop,amd_fvg_m5,momentum,round_number,d30,,,False,,104.4,with,behind,ifvg,104.4,with,1,1a_ip,breakout,london_judas,london,,,False,1,2,D|60T,-1,False,D,D|240T|60T,False,0,,,,False,False,False,False,,True,single,17.0,18.0,2.0,2.0,high,12.2,True,2026-03-02 20:45:00+00:00,2026-03-03 01:00:00+00:00,2026-03-03 01:15:00+00:00,2026-03-03 01:25:00+00:00,False,discount,eqh,m15_range,False,False,,golden,,,,,,,,,,,,,,,0,,0,,False,0,4,True,True,0,True,False,True,False,continuation,d1_fvg,,0.0,0,17.7,,18.3,,18.3,
EURUSD,1,-1,1.16229,1.15861328,2000,1.1612900000000002,1.15857328,136.03864000000289,2026-03-03 09:15:00+00:00,2026-03-03 11:10:00+00:00,target,amd_fvg_m5,momentum,fib_extension,near,,,False,,3.9,against,behind,ob,0.0,against,2,3a,breakout,london_judas,london,,,False,2,2,D|60T,-1,False,D,D|240T|60T,False,0,,,,False,False,True,False,,True,single,19.6,20.0,4.0,2.0,high,8.7,True,2026-03-02 20:15:00+00:00,2026-03-03 01:00:00+00:00,2026-03-03 01:15:00+00:00,2026-03-03 01:25:00+00:00,False,discount,eqh,m15_range,False,False,,against,,,,,,,,,,,,,,,0,,0,,False,0,4,True,True,0,True,False,False,True,,,equal_hl,1.158865,0,37.9,,,,,
EURUSD,1,-1,1.1594600000000002,1.1585000000000003,2000,1.1584600000000003,1.15515264,35.51999999999445,2026-03-03 14:00:00+00:00,2026-03-03 14:20:00+00:00,stop,amd_ob_m5,momentum,fib_extension,near,,,False,,32.2,against,behind,ob,0.0,against,2,1b,breakout,ny_judas,ny,,,False,2,2,D|60T|15T,-1,False,D,D|240T|60T,False,0,,,,False,False,True,False,,True,single,30.9,12.0,2.0,2.0,high,2.6,True,2026-03-03 09:45:00+00:00,2026-03-03 12:30:00+00:00,2026-03-03 12:45:00+00:00,2026-03-03 12:55:00+00:00,False,discount,eqh,m15_range,False,False,confirmed,against,,,,,,,,,,,,,,,0,,0,,False,0,3,True,True,0,True,False,False,False,,,,0.0,0,20.3,13.7,,,,
EURUSD,1,1,1.1640599999999999,1.16302,2000,1.16306,1.16716,-38.4799999999974,2026-03-10 07:05:00+00:00,2026-03-10 07:10:00+00:00,stop,mss_fvg_m15,momentum,fib_extension,d3,ifvg,D,True,240T,14.0,against,ahead,fvg,14.0,against,1,3b,judas,london_judas,london,,,False,1,1,60T,0,False,60T,,False,0,,D,,False,False,True,False,,True,dual,29.3,33.0,2.0,2.0,high,5.3,False,2026-03-09 22:30:00+00:00,2026-03-10 06:30:00+00:00,2026-03-10 07:00:00+00:00,2026-03-10 07:10:00+00:00,False,premium,eqh,m15_range,False,False,,golden,,,,,,,,,,,,,,,0,,0,,False,0,3,True,False,0,False,False,True,True,continuation,d1_fvg,equal_hl,1.1660925,0,0.9,5.7,5.7,194.7,288.8,
GBPUSD,1,1,1.34545,1.3444,2000,1.3444500000000001,1.34903,-38.84999999999983,2026-03-10 11:05:00+00:00,2026-03-10 11:25:00+00:00,stop,amd_m1_shift_ifvg,golden,swing,,,,False,,9.5,against,behind,ifvg,9.5,against,2,golden,mm_golden,ny_golden,ny,,,False,2,0,,0,False,,,False,0,,,,False,False,False,False,,False,,26.2,21.0,2.0,2.0,low,,True,,,,,,,,m15_range,False,False,,golden,cascade,,failed,,2b,60T,ifvg,,,s3:noref:eu,,1.34355,1.34468,60T,0,,0,,True,1,3,True,False,0,True,False,False,True,,,equal_hl,1.3457000000000003,0,2.0,0.0,0.0,0.0,0.0,0.0
EURUSD,1,-1,1.15876,1.1598,2000,1.15976,1.15573,-38.4799999999974,2026-03-11 12:30:00+00:00,2026-03-11 14:00:00+00:00,stop,mss_ob_m5,momentum,pdh_pdl,near,ob,240T,False,,0.0,against,inside,fvg,0.0,against,1,3a,breakout,ny_judas,ny,,,False,4,2,D|15T,-1,False,D,D,False,1,60T,D,,False,False,True,False,,True,single,31.2,18.0,2.0,3.0,low,3.3,False,2026-03-11 08:00:00+00:00,2026-03-11 12:15:00+00:00,2026-03-11 12:30:00+00:00,2026-03-11 12:35:00+00:00,False,discount,eql,m15_range,False,False,confirmed,against,,,,,,,,,,,,,,,0,,0,,False,0,2,True,False,0,False,False,False,True,,,equal_hl,1.1578833333333334,0,10.4,,81.6,,81.6,
EURUSD,1,-1,1.15273,1.15377,2000,1.15373,1.1483999999999999,-38.4799999999974,2026-03-12 13:15:00+00:00,2026-03-12 13:25:00+00:00,stop,amd_fvg_m5,momentum,fib_extension,d60,,,False,,127.3,with,behind,ifvg,127.3,with,1,1b,judas,ny_judas,ny,,,False,2,2,D|60T,-1,False,D,D|60T,False,0,,,,False,False,False,False,,True,dual,9.0,8.0,2.0,3.0,high,0.1,True,2026-03-11 20:00:00+00:00,2026-03-11 21:45:00+00:00,2026-03-11 22:00:00+00:00,2026-03-11 22:00:00+00:00,False,discount,eqh,m15_range,False,False,,against,,,,,,,,,,,,,,,0,,0,,False,0,3,True,False,0,True,False,False,True,,,equal_hl,1.150825,0,7.3,,21.3,,21.3,21.3
GBPUSD,1,-1,1.32996,1.32651,2000,1.32646,1.32528,127.64999999999827,2026-03-13 07:00:00+00:00,2026-03-13 08:30:00+00:00,stop,amd_fvg_m15,momentum,swing,near,,,False,,135.8,with,behind,ifvg,135.8,with,1,1a_ip,breakout,london_judas,london,,,False,4,2,D|60T,-1,False,D,D|60T,False,0,,240T,,False,False,False,False,,True,single,18.0,9.0,2.0,2.0,high,5.8,True,2026-03-12 22:30:00+00:00,2026-03-13 00:30:00+00:00,2026-03-13 01:00:00+00:00,2026-03-13 01:10:00+00:00,False,discount,eqh,m15_range,False,False,,golden,,,,,,,,,,,,,,,0,,0,,False,0,3,True,False,0,True,False,True,False,continuation,d1_fvg,,0.0,0,44.4,,,,47.8,47.8
EURUSD,1,1,1.14842,1.14838,2000,1.14842,1.1520000000000001,-1.4800000000014801,2026-03-16 13:30:00+00:00,2026-03-16 14:35:00+00:00,stop,amd_fvg_h1,momentum,round_number,near,ob,240T,True,240T,0.0,against,inside,fvg,0.0,against,1,3b,breakout,ny_judas,ny,,,False,2,0,,0,False,,,False,-1,60T,,,False,False,False,False,,True,single,32.5,34.0,2.0,3.0,low,10.0,True,2026-03-15 23:00:00+00:00,2026-03-16 07:15:00+00:00,2026-03-16 07:30:00+00:00,2026-03-16 07:40:00+00:00,,,,m15_range,False,False,opposing,golden,,,,,,,,,,,,,,,0,,0,,False,0,4,True,False,0,True,False,True,True,continuation,d1_fvg,equal_hl,1.15272,0,17.9,4.5,82.9,312.5,445.2,598.9
EURUSD,1,1,1.1495799999999998,1.1505399999999997,2000,1.1505799999999997,1.152675,35.51999999999445,2026-03-17 08:30:00+00:00,2026-03-17 10:15:00+00:00,stop,amd_fvg_m5,momentum,fib_extension,near,fvg,D,False,,0.0,against,inside,fvg,0.0,against,0,3b,breakout,london_judas,london,,,False,6,0,,0,False,,,False,0,,240T,,False,False,False,False,,True,single,21.8,38.0,6.0,4.0,low,20.5,True,2026-03-16 20:15:00+00:00,2026-03-17 05:30:00+00:00,2026-03-17 06:00:00+00:00,2026-03-17 06:10:00+00:00,False,premium,eql,m15_range,False,False,,golden,,,,,,,,,,,,,,,0,,0,,False,0,4,True,False,0,True,False,True,True,continuation,d1_fvg,equal_hl,1.15272,0,28.9,12.9,34.7,300.9,433.6,587.3
EURUSD,1,1,1.15353,1.15249,2000,1.15253,1.15662,-38.4799999999974,2026-03-17 13:00:00+00:00,2026-03-17 14:15:00+00:00,stop,amd_fvg_m5,momentum,swing,near,fvg,D,True,240T,0.0,against,inside,fvg,0.0,against,0,3b,breakout,ny_judas,ny,,,False,1,1,60T|15T,0,False,60T,60T,False,0,,,,False,False,False,False,,False,,21.8,38.0,6.0,4.0,low,20.5,True,2026-03-16 20:15:00+00:00,2026-03-17 05:30:00+00:00,2026-03-17 06:00:00+00:00,2026-03-17 06:10:00+00:00,False,premium,eql,m15_range,False,False,,golden,,,,,,,,,,,,,,,0,,0,,False,0,4,True,False,0,True,False,True,True,continuation,d1_fvg,equal_hl,1.156175,0,8.2,,,261.4,394.1,547.8
GBPUSD,1,-1,1.33389,1.3307167600000003,2000,1.3328900000000001,1.3306667600000002,117.40987999999052,2026-03-18 12:15:00+00:00,2026-03-18 13:10:00+00:00,target,amd_fvg_m5,momentum,fib_extension,near,,,False,,30.3,with,behind,fvg,30.3,with,1,1a_ip,breakout,ny_judas,ny,,,False,3,2,D|15T,-1,False,D,D,False,1,60T,D,,False,False,True,False,,True,single,28.4,54.0,2.0,2.0,high,1.7,True,2026-03-17 16:45:00+00:00,2026-03-18 06:00:00+00:00,2026-03-18 06:15:00+00:00,2026-03-18 06:25:00+00:00,False,discount,eqh,m15_range,False,False,,golden,,,,,,,,,,,,,,,0,,0,,False,0,4,True,False,-1,True,False,True,True,continuation,d1_fvg,equal_hl,1.331235,0,33.9,,118.3,87.1,121.8,121.8
GBPUSD,1,1,1.33057,1.32932,2000,1.3295700000000001,1.33395,-46.24999999999901,2026-03-19 13:00:00+00:00,2026-03-19 13:10:00+00:00,stop,news_fvg_m5,momentum,pdh_pdl,near,,,False,,32.5,with,behind,fvg,32.5,with,1,2b_h4,judas,ny_judas,ny,,,False,3,0,,0,False,,,False,-1,60T,D,,False,False,True,False,,True,dual,26.6,17.0,2.0,2.0,low,5.5,True,2026-03-19 04:15:00+00:00,2026-03-19 08:15:00+00:00,2026-03-19 08:30:00+00:00,2026-03-19 08:40:00+00:00,True,premium,pwl,m15_range,False,False,confirmed,against,,,,,,,,,,,,,,,0,,0,,False,0,3,False,False,1,True,False,False,True,,,equal_hl,1.3369266666666668,0,0.2,7.4,71.6,152.9,368.5,566.3
GBPUSD,1,1,1.32686,1.3383099999999999,2000,1.33836,1.336675,423.6499999999985,2026-03-23 11:00:00+00:00,2026-03-23 11:05:00+00:00,stop,amd_breaker_m5,momentum,equal_hl,near,fvg,240T,True,240T,0.0,with,inside,ifvg,0.0,with,2,2b,breakout,ny_judas,ny,,,False,2,2,240T,0,True,240T,240T,True,1,60T,D,,False,False,True,False,,True,single,25.8,9.0,3.0,3.0,low,24.5,True,2026-03-23 05:45:00+00:00,2026-03-23 07:45:00+00:00,2026-03-23 10:45:00+00:00,2026-03-23 10:45:00+00:00,,,,m15_range,False,False,,against,,,,,,,,,,,,,,,0,,0,,False,0,3,True,False,0,True,False,False,True,,,equal_hl,1.3369266666666668,0,165.1,75.3,199.4,215.5,394.2,601.4
EURUSD,1,-1,1.1589200000000002,1.1579600000000003,2000,1.1579200000000003,1.15569,35.51999999999445,2026-03-25 13:15:00+00:00,2026-03-25 14:15:00+00:00,stop,amd_fvg_m5,momentum,swing,near,,,False,,65.4,with,behind,ifvg,65.4,with,1,3a,breakout,ny_judas,ny,,,False,5,2,D,-1,False,D,D,False,0,,,,False,False,False,False,,True,single,19.7,14.0,2.0,2.0,high,11.6,True,2026-03-24 20:30:00+00:00,2026-03-24 23:45:00+00:00,2026-03-25 00:30:00+00:00,2026-03-25 00:35:00+00:00,False,discount,eqh,m15_range,False,False,confirmed,against,,,,,,,,,,,,,,,0,,0,,False,0,3,True,False,0,True,False,False,True,,,equal_hl,1.1556933333333335,0,22.9,3.8,105.8,179.3,179.3,179.3
EURUSD,1,-1,1.1549500000000001,1.1539900000000003,2000,1.1539500000000003,1.1513600000000002,35.51999999999445,2026-03-26 11:15:00+00:00,2026-03-26 13:05:00+00:00,stop,amd_ob_m5,momentum,fib_extension,near,ifvg,240T,False,,83.7,against,ahead,ifvg,83.7,against,1,1b,breakout,ny_judas,ny,,,False,3,2,D|60T,-1,False,D,D,False,0,,240T,,False,False,False,False,,True,dual,19.1,16.0,5.0,1.0,high,-7.9,True,2026-03-26 07:00:00+00:00,2026-03-26 10:45:00+00:00,2026-03-26 11:00:00+00:00,2026-03-26 11:00:00+00:00,False,discount,eqh,session_range,False,False,confirmed,against,,,,,,,,,,,,,,,0,,0,,False,0,2,False,False,0,True,False,False,True,,,equal_hl,1.152205,0,27.2,,66.1,139.6,139.6,139.6
GBPUSD,1,-1,1.32874,1.3287900000000001,2000,1.32874,1.32566,-1.850000000003904,2026-03-27 11:45:00+00:00,2026-03-27 13:20:00+00:00,stop,amd_fvg_m5,momentum,swing,near,ifvg,D,True,240T,14.2,against,ahead,ifvg,14.2,against,1,1a,breakout,ny_judas,ny,,,False,4,2,D|60T,-1,False,D,D|60T,False,0,,,,False,False,False,False,,True,single,12.7,18.0,3.0,2.0,high,0.1,True,2026-03-27 01:15:00+00:00,2026-03-27 05:30:00+00:00,2026-03-27 05:45:00+00:00,2026-03-27 05:45:00+00:00,False,discount,eqh,m15_range,False,False,,golden,,,,,,,,,,,,,,,0,,0,,False,0,3,False,False,0,True,False,True,True,continuation,d1_fvg,equal_hl,1.3277999999999999,0,15.7,,,70.3,70.3,70.3
EURUSD,1,1,1.1541199999999998,1.1550799999999997,2000,1.1551199999999997,1.1583273,35.51999999999445,2026-04-06 08:30:00+00:00,2026-04-06 10:50:00+00:00,stop,amd_ob_m5,momentum,fib_extension,near,ifvg,240T,True,240T,7.7,against,ahead,fvg,7.7,against,2,3b,breakout,london_judas,london,,,False,2,1,15T,0,False,15T,,False,-1,60T,D,,False,False,True,False,,True,single,9.2,8.0,3.0,2.0,low,1.5,True,2026-04-05 23:15:00+00:00,2026-04-06 01:00:00+00:00,2026-04-06 02:45:00+00:00,2026-04-06 02:55:00+00:00,,,,m15_range,False,False,confirmed,golden,,,,,,,,,,,,,,,0,,0,,False,0,4,True,False,0,True,False,True,True,continuation,d1_fvg,equal_hl,1.1567349999999998,0,27.4,,65.2,99.4,255.5,541.9
GBPUSD,1,1,1.34659,1.34554,2000,1.34559,1.34986752,-38.84999999999983,2026-04-08 13:00:00+00:00,2026-04-08 13:20:00+00:00,stop,amd_fvg_m5,momentum,fib_extension,d30,ob,D,False,,20.9,against,behind,ifvg,20.9,against,1,2b_ip,breakout,ny_judas,ny,,,False,4,1,60T,0,False,60T,,False,1,D,,,False,False,False,False,,True,single,21.1,8.0,2.0,2.0,low,1.1,True,2026-04-08 02:30:00+00:00,2026-04-08 04:15:00+00:00,2026-04-08 04:30:00+00:00,2026-04-08 04:30:00+00:00,False,premium,eql,m15_range,False,False,,against,,,,,,,,,,,,,,,0,,0,,False,0,3,True,False,0,True,False,False,True,,,equal_hl,1.3481550000000002,0,9.9,5.0,,14.1,18.2,382.8
EURUSD,1,1,1.1681,1.1680599999999999,2000,1.1681,1.17217,-1.4800000000014801,2026-04-09 12:15:00+00:00,2026-04-09 14:55:00+00:00,stop,amd_ob_m15,momentum,pdh_pdl,near,fvg,W,False,,9.3,against,behind,ifvg,9.3,against,2,3b,breakout,ny_judas,ny,,,False,4,1,60T,0,False,60T,60T,False,1,D,,,False,False,True,False,,True,dual,9.5,9.0,2.0,2.0,low,6.2,True,2026-04-09 03:15:00+00:00,2026-04-09 05:15:00+00:00,2026-04-09 07:15:00+00:00,2026-04-09 07:25:00+00:00,False,premium,eql,m15_range,False,False,,golden,,,,,,,,,,,,,,,0,,0,,False,0,3,False,False,0,True,False,True,True,continuation,breaker,equal_hl,1.1722549999999998,0,14.2,,41.6,,41.6,316.3
EURUSD,1,-1,1.1684800000000002,1.1695,2000,1.16946,1.1654228800000004,-37.739999999992556,2026-04-10 07:15:00+00:00,2026-04-10 10:15:00+00:00,stop,amd_ob_m15,momentum,fib_extension,near,ifvg,240T,False,,21.9,with,behind,ifvg,21.9,with,1,3a,breakout,london_judas,london,,,False,4,2,,-1,False,,D,False,0,,D,,False,False,True,False,,True,single,32.9,19.0,2.0,2.0,high,16.3,True,2026-04-09 12:15:00+00:00,2026-04-09 16:45:00+00:00,2026-04-09 18:30:00+00:00,2026-04-09 18:35:00+00:00,False,discount,none,m15_range,False,False,opposing,against,,,,,,,,,,,,,,,0,,0,,False,0,2,False,False,0,True,False,False,True,,,equal_hl,1.16745,0,7.5,0.4,161.8,201.4,274.9,274.9
EURUSD,1,1,1.17167,1.17106,2050,1.1711,1.175,-23.13424999999998,2026-04-10 12:00:00+00:00,2026-04-10 12:35:00+00:00,stop,amd_fvg_m5,momentum,round_number,d30,fvg,W,True,D,0.0,against,inside,ifvg,0.0,against,1,3b,breakout,ny_judas,ny,,,False,3,1,,0,False,,240T,False,-1,60T,240T,,False,False,False,False,,True,dual,26.9,54.0,2.0,2.0,low,4.2,True,2026-04-09 19:15:00+00:00,2026-04-10 08:30:00+00:00,2026-04-10 09:00:00+00:00,2026-04-10 09:00:00+00:00,False,premium,eql,m15_range,False,False,,golden,,,,,,,,,,,,,,,0,,0,,False,0,3,False,False,0,True,False,True,True,continuation,w_fvg,equal_hl,1.1722549999999998,0,2.0,,7.6,,7.6,257.1
EURUSD,1,1,1.17895,1.17791,2000,1.17795,1.1823483,-38.4799999999974,2026-04-14 08:00:00+00:00,2026-04-14 08:15:00+00:00,stop,amd_fvg_m5,momentum,fib_extension,near,ob,W,False,,67.4,against,ahead,ob,0.0,against,3,3b,breakout,london_judas,london,240T,,False,4,1,15T,0,False,15T,240T|60T,False,0,,,,False,False,True,False,,True,dual,11.6,10.0,2.0,2.0,low,1.9,True,2026-04-13 09:15:00+00:00,2026-04-13 11:30:00+00:00,2026-04-13 13:00:00+00:00,2026-04-13 13:05:00+00:00,False,premium,eql,m15_range,False,False,opposing,golden,,,,,,,,,,,,,,,0,,0,,False,0,4,True,False,0,True,False,True,True,continuation,d1_fvg,equal_hl,1.17917,0,7.1,,,,,139.9
GBPUSD,1,1,1.35449,1.35744,2000,1.3554899999999999,1.35749,109.1500000000003,2026-04-14 11:00:00+00:00,2026-04-14 12:45:00+00:00,target,amd_ob_m5,momentum,ith_liquidity,near,fvg,W,False,,37.0,against,ahead,ob,0.0,against,2,2b,breakout,ny_judas,ny,,,False,4,2,D|240T|15T,1,False,D,240T|60T,False,0,,D,,False,False,True,False,,True,single,18.6,16.0,2.0,5.0,low,6.6,True,2026-04-13 08:30:00+00:00,2026-04-13 12:15:00+00:00,2026-04-13 13:00:00+00:00,2026-04-13 13:00:00+00:00,False,premium,none,m15_range,False,False,,against,,,,,,,,,,,,,,,0,,0,,False,0,3,True,False,0,True,False,False,True,,,equal_hl,1.35703,0,30.2,,,,,189.1
EURUSD,1,-1,1.1779000000000002,1.17882,2000,1.17878,1.1747300000000003,-34.039999999992965,2026-04-15 11:15:00+00:00,2026-04-15 13:30:00+00:00,stop,amd_ob_m5,momentum,fib_extension,near,fvg,W,True,240T,22.9,against,ahead,ob,9.7,with,0,3a,breakout,ny_judas,ny,,,False,3,2,60T|15T,-1,False,60T,D,False,0,,,,False,False,False,False,,True,single,11.8,31.0,4.0,2.0,high,2.4,True,2026-04-14 16:45:00+00:00,2026-04-15 00:15:00+00:00,2026-04-15 00:30:00+00:00,2026-04-15 00:35:00+00:00,False,discount,eqh,m15_range,False,False,,against,,,,,,,,,,,,,,,0,,0,,False,0,3,True,False,0,True,False,False,True,,,equal_hl,1.1772749999999998,0,7.2,1.2,116.1,336.9,369.1,369.1
NZDUSD,1,1,0.5879350000000001,0.5919876399999998,2000,0.591435,0.5920626399999999,149.9476799999896,2026-04-14 07:30:00+00:00,2026-04-16 03:40:00+00:00,target,amd_fvg_h1,momentum,fib_extension,near,,,False,,0.0,against,inside,ifvg,0.0,against,2,N-long,judas,london_judas,london,,,False,2,1,240T|60T,0,False,240T,240T|60T,False,0,,,,False,False,True,False,,True,dual,9.8,13.0,3.0,2.0,low,11.0,True,2026-04-13 09:15:00+00:00,2026-04-13 12:15:00+00:00,2026-04-13 13:00:00+00:00,2026-04-13 13:00:00+00:00,False,premium,eql,m15_range,False,False,,,,,,,,,,,,,,,,,0,,0,,False,0,3,True,False,0,True,False,False,True,,,equal_hl,0.58891,0,41.4,,,,85.9,197.6
EURUSD,1,1,1.18014,1.1810999999999998,2000,1.1811399999999999,1.1832027799999998,35.51999999999445,2026-04-17 13:15:00+00:00,2026-04-17 13:45:00+00:00,stop,amd_fvg_h1,momentum,fib_extension,d30,ob,W,False,,29.6,with,behind,ifvg,29.6,with,3,3b,breakout,ny_judas,ny,,D,False,3,1,240T,0,False,240T,240T|60T,False,-1,60T,,,False,False,True,False,,True,dual,13.3,8.0,3.0,2.0,low,0.7,True,2026-04-16 15:00:00+00:00,2026-04-16 16:45:00+00:00,2026-04-16 18:00:00+00:00,2026-04-16 18:10:00+00:00,True,premium,pdl,m15_range,False,False,opposing,golden,,,,,,,,,,,,,,,0,,0,,False,0,3,False,False,0,True,False,True,True,continuation,d1_fvg,equal_hl,1.18513,0,29.2,,23.3,,23.3,128.0
EURUSD,1,-1,1.17709,1.17713,2000,1.17709,1.1740796200000003,-1.4800000000014801,2026-04-21 08:00:00+00:00,2026-04-21 14:30:00+00:00,stop,amd_ob_m15,momentum,fib_extension,near,fvg,W,True,240T,14.8,against,ahead,fvg,14.8,against,1,3a,judas,london_judas,london,,,False,4,2,60T|15T,-1,False,60T,D|60T,False,0,,,,False,False,False,False,,True,single,34.5,54.0,5.0,3.0,high,0.7,True,2026-04-20 10:30:00+00:00,2026-04-20 23:45:00+00:00,2026-04-21 00:00:00+00:00,2026-04-21 00:00:00+00:00,True,premium,pdh,m15_range,False,False,,against,,,,,,,,,,,,,,,0,,0,,False,0,3,True,False,0,True,False,False,True,,,equal_hl,1.176345,0,16.9,,43.0,265.6,328.9,361.0
EURUSD,1,-1,1.17324,1.1739,2056,1.17386,1.1700000000000002,-25.103759999995546,2026-04-22 13:15:00+00:00,2026-04-22 14:40:00+00:00,stop,amd_fvg_h1,momentum,round_number,d3,fvg,W,True,D,0.0,against,inside,fvg,0.0,against,0,1b_h4,breakout,ny_judas,ny,,,False,1,2,60T,-1,False,60T,D|60T,False,0,,,,False,False,False,False,,True,dual,30.3,38.0,2.0,2.0,high,9.5,True,2026-04-21 20:45:00+00:00,2026-04-22 06:00:00+00:00,2026-04-22 06:15:00+00:00,2026-04-22 06:20:00+00:00,False,discount,eqh,m15_range,False,False,,against,,,,,,,,,,,,,,,0,,0,,False,0,3,True,False,0,True,False,False,True,,,equal_hl,1.1669450000000001,0,8.6,1.5,14.2,227.1,290.4,322.5
EURUSD,1,-1,1.1691500000000001,1.1691900000000002,2035,1.1691500000000001,1.1661299999999999,-1.505900000001506,2026-04-23 11:00:00+00:00,2026-04-23 12:50:00+00:00,stop,amd_ob_m5,momentum,equal_hl,near,fvg,W,False,,0.0,against,inside,fvg,0.0,against,0,1b_ip,breakout,ny_judas,ny,,,False,4,2,60T,-1,False,60T,D|60T,False,0,,,,False,False,False,False,,True,dual,21.6,16.0,2.0,2.0,high,-15.8,True,2026-04-23 07:00:00+00:00,2026-04-23 10:45:00+00:00,2026-04-23 11:00:00+00:00,2026-04-23 11:00:00+00:00,False,discount,eqh,session_range,False,False,confirmed,against,,,,,,,,,,,,,,,0,,0,,False,0,2,False,False,0,True,False,False,True,,,equal_hl,1.16732,0,12.5,0.2,,186.2,249.5,281.6
EURUSD,2,1,1.16969,1.1706499999999997,2000,1.1706899999999998,1.17392,35.51999999999445,2026-04-24 11:25:00+00:00,2026-04-24 13:35:00+00:00,stop,pyramid_im0.8_ob_m5,no_open,pwh_pwl,near,fvg,W,True,240T,0.0,with,inside,fvg,0.0,with,2,3b,judas,london_judas,london,,,False,3,3,D,1,True,D,,False,-1,60T,240T,,False,False,True,False,,True,single,7.3,13.0,4.0,5.0,low,0.3,True,2026-04-24 04:45:00+00:00,2026-04-24 07:45:00+00:00,2026-04-24 08:00:00+00:00,2026-04-24 08:00:00+00:00,False,discount,eql,m15_range,False,False,opposing,golden,,,,,,,,,,,,,,,0,,0,,False,0,3,False,False,0,True,False,True,True,inside,d1_fvg,equal_hl,1.1711550000000002,0,21.6,9.2,110.8,59.2,169.1,204.6
EURUSD,1,1,1.1680899999999999,1.1715499999999999,2137,1.17159,1.17392,136.78937000000076,2026-04-24 08:30:00+00:00,2026-04-26 22:00:00+00:00,stop,amd_ob_m5,momentum,pwh_pwl,near,fvg,W,True,240T,0.0,with,inside,fvg,0.0,with,2,3b,judas,london_judas,london,,,False,3,3,D,1,True,D,,False,-1,60T,240T,,False,False,True,False,,True,single,7.3,13.0,4.0,5.0,low,0.3,True,2026-04-24 04:45:00+00:00,2026-04-24 07:45:00+00:00,2026-04-24 08:00:00+00:00,2026-04-24 08:00:00+00:00,False,discount,eql,m15_range,False,False,opposing,golden,,,,,,,,,,,,,,,0,,0,,False,0,3,False,False,0,True,False,True,True,inside,d1_fvg,equal_hl,1.1711550000000002,0,42.0,9.2,110.8,59.2,169.1,204.6
GBPUSD,1,1,1.35333,1.35669,2000,1.35333,1.35674,124.3200000000011,2026-04-27 07:35:00+00:00,2026-04-27 13:05:00+00:00,target,amd_m1_shift_ifvg,golden,swing,,,,False,,30.0,with,behind,fvg,30.0,with,2,golden,mm_golden,london_golden,london,,,False,1,0,,0,False,,,False,0,,,,False,False,False,False,,False,,21.8,10.0,2.0,2.0,low,,True,,,,,,,,m15_range,False,False,,golden,cascade,,failed,,2b,60T,ifvg,,,s2:noref:gu,,1.35228,1.35294,60T,0,,0,,True,1,4,True,True,0,True,False,False,True,,,equal_hl,1.353605,0,37.0,0.0,0.0,0.0,0.0,0.0
EURUSD,1,-1,1.17015,1.17019,2000,1.17015,1.16709,-1.4800000000014801,2026-04-28 07:30:00+00:00,2026-04-28 09:05:00+00:00,stop,amd_fvg_h1,momentum,equal_hl,d3,fvg,W,True,240T,0.0,against,inside,fvg,0.0,against,0,1b,breakout,london_judas,london,,,False,5,1,240T,0,False,240T,240T,False,0,,D,,False,False,True,False,,True,single,22.7,21.0,3.0,3.0,high,3.0,True,2026-04-27 08:00:00+00:00,2026-04-27 13:00:00+00:00,2026-04-27 13:15:00+00:00,2026-04-27 13:15:00+00:00,True,discount,pdh,m15_range,False,False,,against,,,,,,,,,,,,,,,0,,0,,False,0,4,True,True,0,True,False,False,True,,,equal_hl,1.167505,0,15.6,,29.7,38.6,259.4,291.6
GBPUSD,1,-1,1.34756,1.3476100000000002,2000,1.34756,1.343083,-1.850000000003904,2026-04-28 12:30:00+00:00,2026-04-28 13:20:00+00:00,stop,amd_fvg_m5,momentum,fib_extension,d3,ifvg,D,True,240T,0.0,against,inside,ifvg,0.0,against,1,1a,breakout,ny_judas,ny,,,False,2,1,240T|15T,0,False,240T,240T,False,0,,D,,False,False,True,False,,True,single,33.7,16.0,3.0,2.0,high,-24.8,True,2026-04-28 07:00:00+00:00,2026-04-28 10:45:00+00:00,2026-04-28 11:00:00+00:00,2026-04-28 11:00:00+00:00,False,discount,none,session_range,False,False,confirmed,golden,,,,,,,,,,,,,,,0,,0,,False,0,4,True,True,0,True,False,False,True,,,equal_hl,1.3457949999999999,0,12.8,,23.5,96.0,317.7,317.7
GBPUSD,1,1,1.36073,1.3636499999999998,2000,1.36073,1.36413344,108.03999999999303,2026-05-01 11:15:00+00:00,2026-05-01 13:15:00+00:00,time_exit,amd_m1_shift_ifvg,golden,fib_extension,,,,False,,0.0,against,inside,ifvg,0.0,against,3,golden,mm_golden,ny_golden,ny,,,False,1,0,,0,False,,,False,0,,,,False,False,False,False,,False,,21.1,11.0,2.0,2.0,low,,True,,,,,,,,m15_range,False,False,,golden,cascade,,untested,,2b,60T,ifvg,,,s2:cont:eu+gu+dxy,,1.35868,1.36004,60T,0,,0,,True,2,2,False,False,1,True,False,False,False,,,,0.0,0,30.1,0.0,0.0,0.0,0.0,0.0
GBPUSD,1,-1,1.35478,1.3548300000000002,2000,1.35478,1.350878,-1.850000000003904,2026-05-04 11:00:00+00:00,2026-05-04 11:05:00+00:00,stop,amd_fvg_h1,momentum,fib_extension,near,ifvg,D,False,,0.0,against,inside,fvg,0.0,against,0,1a_h4,breakout,ny_judas,ny,,,False,2,1,,0,False,,60T,False,1,60T,,,False,False,False,False,,True,dual,33.8,20.0,2.0,2.0,high,0.4,True,2026-05-01 18:00:00+00:00,2026-05-03 22:45:00+00:00,2026-05-03 23:00:00+00:00,2026-05-03 23:00:00+00:00,,,,m15_range,False,False,,golden,,,,,,,,,,,,,,,0,,0,,False,0,4,True,False,0,True,False,True,True,continuation,d1_fvg,equal_hl,1.3513333333333335,0,16.6,,94.9,101.4,389.9,389.9
GBPUSD,1,1,1.36279,1.36174,2000,1.36179,1.36597,-38.84999999999983,2026-05-06 11:45:00+00:00,2026-05-06 13:00:00+00:00,stop,amd_m1_shift_ifvg,golden,equal_hl,,,,False,,1.0,against,ahead,ifvg,1.0,against,3,golden,mm_golden,ny_golden,ny,,,False,4,0,,0,False,,,False,0,,,,False,False,False,False,,False,,16.3,19.0,3.0,3.0,low,,True,,,,,,,,m15_range,False,False,,golden,own_ob,,respected,,2b,60T,ifvg,,,s3:smt:eu+dxy,,1.3599,1.36136,60T,0,,0,,True,3,1,False,False,0,True,False,False,False,,,,0.0,0,15.3,0.0,0.0,0.0,0.0,0.0
EURUSD,1,1,1.1755799999999998,1.1765399999999997,2000,1.1765799999999997,1.1787800000000002,35.51999999999445,2026-05-07 08:00:00+00:00,2026-05-07 11:45:00+00:00,stop,amd_breaker_m5,momentum,fib_extension,near,ob,240T,False,,101.5,against,ahead,ob,94.4,against,3,3b,breakout,london_judas,london,,D,False,4,2,D|60T|15T,1,False,D,D|240T|60T,False,0,,,,False,False,True,False,,True,single,17.9,16.0,2.0,2.0,low,3.2,True,2026-05-06 13:45:00+00:00,2026-05-06 17:30:00+00:00,2026-05-06 17:45:00+00:00,2026-05-06 17:55:00+00:00,False,premium,eql,m15_range,False,False,,golden,,,,,,,,,,,,,,,0,,0,,False,0,3,False,False,0,True,False,True,True,continuation,d1_fvg,equal_hl,1.17817,0,22.5,8.4,41.7,35.9,94.2,94.2
GBPUSD,1,1,1.3621699999999999,1.3611199999999999,2000,1.36117,1.36543492,-38.84999999999983,2026-05-07 13:05:00+00:00,2026-05-07 16:25:00+00:00,stop,amd_m1_shift_ifvg,golden,fib_extension,,,,False,,2.8,against,behind,ifvg,2.8,against,3,golden,mm_golden,ny_golden,ny,,,False,5,0,,0,False,,,False,0,,,,False,False,False,False,,False,,16.1,15.0,2.0,4.0,low,,True,,,,,,,,m15_range,False,False,,golden,cascade,,failed,,2b,60T,ifvg,,,s3:none:none,,1.36082,1.36144,60T,0,,0,,True,2,1,False,False,0,True,False,False,False,,,,0.0,0,10.5,0.0,0.0,0.0,0.0,0.0
GBPUSD,1,-1,1.35584,1.35248774,2000,1.35484,1.3524377399999998,124.03361999999984,2026-05-12 07:20:00+00:00,2026-05-12 08:40:00+00:00,target,amd_fvg_m5,momentum,fib_extension,d3,ifvg,D,True,D,0.0,against,inside,ifvg,0.0,against,1,1a,judas,london_judas,london,,,False,4,1,15T,0,False,15T,,False,0,,D,,False,False,True,False,,True,single,30.4,14.0,3.0,3.0,high,23.2,True,2026-05-11 12:15:00+00:00,2026-05-11 15:30:00+00:00,2026-05-11 16:15:00+00:00,2026-05-11 16:25:00+00:00,False,discount,none,m15_range,False,False,confirmed,golden,,,,,,,,,,,,,,,0,,0,,False,0,4,True,False,0,True,False,True,True,continuation,d1_fvg,equal_hl,1.3513375,0,38.5,,12.5,105.5,348.2,400.5
EURUSD,1,-1,1.17331,1.1702753600000002,3236,1.1723100000000002,1.1702353600000002,181.67175823999202,2026-05-13 07:00:00+00:00,2026-05-13 09:45:00+00:00,target,amd_ob_m5,momentum,fib_extension,d3,fvg,240T,True,240T,10.7,against,ahead,ifvg,10.7,against,2,3a,judas,london_judas,london,,,False,2,1,,0,False,,60T,False,0,,,,False,False,True,False,,True,single,13.9,36.0,4.0,2.0,high,0.6,True,2026-05-12 16:45:00+00:00,2026-05-13 02:30:00+00:00,2026-05-13 02:45:00+00:00,2026-05-13 02:45:00+00:00,False,discount,eqh,m15_range,False,False,confirmed,against,,,,,,,,,,,,,,,0,,0,,False,0,3,True,False,0,True,False,False,True,,,equal_hl,1.1702125,0,32.6,2.2,12.4,78.9,90.7,323.2
GBPUSD,1,-1,1.35121,1.3512600000000001,2000,1.35121,1.3480101799999997,-1.850000000003904,2026-05-14 08:15:00+00:00,2026-05-14 12:55:00+00:00,stop,amd_fvg_m5,momentum,fib_extension,d3,ifvg,240T,True,240T,8.8,against,ahead,ifvg,8.8,against,1,1a,judas,london_judas,london,,,False,5,1,60T,0,False,60T,60T,False,1,60T,,,False,False,False,False,,True,single,21.4,55.0,4.0,3.0,high,0.3,True,2026-05-13 16:00:00+00:00,2026-05-14 05:30:00+00:00,2026-05-14 05:45:00+00:00,2026-05-14 05:45:00+00:00,False,discount,eqh,m15_range,False,False,confirmed,golden,,,,,,,,,,,,,,,0,,0,,False,0,3,False,False,0,True,False,True,True,continuation,d1_fvg,equal_hl,1.3504616666666667,0,16.5,,29.0,59.2,132.5,354.2
EURUSD,1,-1,1.1702700000000001,1.1671099600000003,2491,1.1692700000000003,1.1670699600000003,145.62570333999116,2026-05-14 12:30:00+00:00,2026-05-14 20:40:00+00:00,target,amd_ob_m15,momentum,fib_extension,d3,ifvg,W,True,240T,10.9,against,behind,ifvg,10.9,against,2,3a,breakout,ny_judas,ny,,,False,4,1,60T,0,False,60T,60T,False,1,60T,,,False,False,True,False,,True,single,23.1,93.0,11.0,2.0,high,2.9,True,2026-05-13 08:30:00+00:00,2026-05-14 07:30:00+00:00,2026-05-14 07:45:00+00:00,2026-05-14 07:50:00+00:00,False,discount,eqh,m15_range,False,False,,against,,,,,,,,,,,,,,,0,,0,,False,0,2,False,False,0,True,False,False,True,,,equal_hl,1.16941,0,32.8,,8.2,48.5,53.3,292.8
GBPUSD,1,1,1.33408,1.3375299999999999,5000,1.33758,1.3381800000000001,319.1249999999957,2026-05-18 07:15:00+00:00,2026-05-18 13:00:00+00:00,stop,amd_fvg_m15,momentum,fib_extension,near,ifvg,240T,False,,0.0,with,inside,fvg,0.0,with,0,2b,breakout,london_judas,london,,,False,3,2,D|240T,1,False,D,D,False,-1,D,D,,False,False,True,False,,True,single,33.9,38.0,2.0,2.0,low,2.3,True,2026-05-15 16:30:00+00:00,2026-05-18 01:45:00+00:00,2026-05-18 02:15:00+00:00,2026-05-18 02:20:00+00:00,,,,m15_range,False,False,opposing,against,,,,,,,,,,,,,,,0,,0,,False,0,3,True,False,0,True,False,False,True,,,equal_hl,1.33693,0,40.5,,192.7,303.4,317.8,317.8
GBPUSD,1,1,1.33934,1.33829,5000,1.33834,1.3423496000000001,-97.12499999999957,2026-05-18 13:30:00+00:00,2026-05-18 14:40:00+00:00,stop,amd_fvg_m5,no_open,fib_extension,near,fvg,D,False,,0.0,against,inside,fvg,0.0,against,0,2b,breakout,ny_judas,ny,,,False,2,2,D|240T,1,False,D,D,False,-1,D,D,,False,False,True,False,,False,,33.9,38.0,2.0,2.0,low,2.3,True,2026-05-15 16:30:00+00:00,2026-05-18 01:45:00+00:00,2026-05-18 02:15:00+00:00,2026-05-18 02:20:00+00:00,,,,m15_range,False,False,confirmed,against,,,,,,,,,,,,,,,0,,0,,False,0,3,True,False,0,True,False,False,True,,,equal_hl,1.3403100000000001,0,9.3,,140.1,250.8,265.2,265.2
EURUSD,1,-1,1.1606500000000002,1.1606900000000002,12500,1.1606500000000002,1.15826,-9.250000000009251,2026-05-21 12:40:00+00:00,2026-05-21 13:45:00+00:00,stop,amd_m1_shift_ifvg,golden,judas_origin_60T,,,,False,,0.0,against,inside,fvg,0.0,against,2,golden,mm_golden,ny_golden,ny,,,False,2,0,,0,False,,,False,0,,,,False,False,False,False,,False,,14.6,21.0,3.0,2.0,high,,True,,,,,,,,m15_range,False,False,,golden,cascade,,failed,,1b,15T,ifvg,,,s3:smt:eu+dxy,,1.16136,1.16236,60T,0,,0,,True,1,2,False,False,0,True,False,False,True,,,equal_hl,1.158725,0,13.2,0.0,0.0,0.0,0.0,0.0
EURUSD,1,1,1.16391,1.16387,7812,1.16391,1.16787128,-5.780880000005782,2026-06-02 07:00:00+00:00,2026-06-02 11:20:00+00:00,stop,amd_ob_m5,momentum,fib_extension,near,ifvg,W,True,D,0.0,with,inside,ifvg,0.0,with,0,3b,breakout,london_judas,london,,,False,5,1,15T,0,False,15T,240T,False,-1,60T,D,,False,False,True,False,,True,dual,28.8,79.0,2.0,5.0,low,34.8,True,2026-05-29 18:15:00+00:00,2026-06-01 13:45:00+00:00,2026-06-01 15:00:00+00:00,2026-06-01 15:00:00+00:00,False,premium,eql,m15_range,False,False,,golden,,,,,,,,,,,,,,,0,,0,,False,0,5,True,True,0,True,False,True,True,continuation,d1_fvg,equal_hl,1.1656066666666665,0,13.3,,47.5,23.4,158.4,210.9
GBPUSD,1,1,1.33425,1.3351999999999997,5000,1.3352499999999998,1.33732232,87.87499999998005,2026-06-08 12:00:00+00:00,2026-06-08 13:35:00+00:00,stop,amd_fvg_m5,momentum,fib_extension,near,ifvg,D,True,240T,0.0,with,inside,ifvg,0.0,with,0,2b,breakout,ny_judas,ny,,,False,3,1,240T,0,False,240T,,False,-1,60T,D,,False,False,True,False,,True,dual,34.4,63.0,2.0,2.0,low,9.9,True,2026-06-05 18:30:00+00:00,2026-06-08 10:00:00+00:00,2026-06-08 10:30:00+00:00,2026-06-08 10:35:00+00:00,,,,m15_range,False,False,,against,,,,,,,,,,,,,,,0,,0,,False,0,3,True,False,0,True,False,False,True,,,equal_hl,1.337195,0,27.0,8.6,141.6,167.4,311.6,316.1
GBPUSD,1,1,1.33933,1.3392799999999998,5000,1.33933,1.3436569999999999,-4.62500000000976,2026-06-09 11:15:00+00:00,2026-06-09 15:15:00+00:00,stop,amd_fvg_h1,momentum,fib_extension,near,fvg,240T,True,240T,0.0,against,inside,fvg,0.0,against,0,2b_ip,breakout,ny_judas,ny,,,False,2,1,15T,0,False,15T,60T,False,-1,60T,D,,False,False,True,False,,True,single,25.7,41.0,2.0,2.0,low,2.2,True,2026-06-08 14:45:00+00:00,2026-06-09 00:45:00+00:00,2026-06-09 01:00:00+00:00,2026-06-09 01:00:00+00:00,False,premium,eql,m15_range,False,False,confirmed,against,,,,,,,,,,,,,,,0,,0,,False,0,3,True,False,0,True,False,False,True,,,equal_hl,1.3405633333333336,0,17.4,,90.8,116.6,260.8,265.3
EURUSD,1,-1,1.1537000000000002,1.15474,12500,1.1547,1.15069,-240.49999999998377,2026-06-10 12:00:00+00:00,2026-06-10 12:10:00+00:00,stop,amd_ob_m5,momentum,equal_hl,near,ob,W,True,D,0.0,with,inside,fvg,0.0,with,2,1b,judas,ny_judas,ny,,240T,False,6,3,,-1,True,,D,True,1,60T,D,,False,False,True,False,,False,,25.5,68.0,3.0,5.0,high,1.1,True,2026-06-09 17:45:00+00:00,2026-06-10 10:30:00+00:00,2026-06-10 10:45:00+00:00,2026-06-10 10:50:00+00:00,False,discount,eqh,m15_range,False,False,,against,,,,,,,,,,,,,,,0,,0,,False,0,3,True,False,0,True,False,False,True,,,equal_hl,1.152755,0,0.7,4.9,38.0,,38.0,38.0
EURUSD,1,1,1.161,1.15996,9765,1.1600000000000001,1.16442,-187.87859999998733,2026-06-16 11:15:00+00:00,2026-06-16 12:40:00+00:00,stop,amd_fvg_m15,momentum,swing,d3,ifvg,D,False,,13.6,against,ahead,ifvg,13.6,against,0,3b,breakout,ny_judas,ny,,,False,4,1,240T,0,False,240T,,False,-1,60T,240T,,False,False,False,False,,True,dual,30.0,58.0,3.0,2.0,low,0.3,True,2026-06-15 16:30:00+00:00,2026-06-16 06:45:00+00:00,2026-06-16 07:00:00+00:00,2026-06-16 07:00:00+00:00,False,premium,eql,m15_range,False,False,confirmed,golden,,,,,,,,,,,,,,,0,,0,,False,0,4,True,False,0,True,False,True,True,continuation,d1_fvg,equal_hl,1.1619525,0,2.9,,13.0,55.7,176.1,240.0
EURUSD,1,-1,1.15961,1.16021,15625,1.16017,1.15519062,-173.4374999999809,2026-06-17 12:00:00+00:00,2026-06-17 13:50:00+00:00,stop,amd_fvg_h1,momentum,fib_extension,d3,ifvg,240T,True,240T,27.5,with,behind,ifvg,27.5,with,2,3a,breakout,ny_judas,ny,240T,,False,3,2,D|60T|15T,-1,False,D,D|240T,False,-1,60T,,,False,False,True,False,,True,single,8.8,30.0,8.0,10.0,high,1.9,True,2026-06-16 17:45:00+00:00,2026-06-17 01:00:00+00:00,2026-06-17 01:15:00+00:00,2026-06-17 01:25:00+00:00,True,discount,pdh,m15_range,False,False,,against,,,,,,,,,,,,,,,0,,0,,False,0,2,False,False,-1,True,False,False,True,,,equal_hl,1.1589299999999998,0,10.8,,24.0,88.9,97.1,97.1
GBPUSD,1,-1,1.32308,1.3231300000000001,2000,1.32308,1.3199296,-1.850000000003904,2026-06-18 11:00:00+00:00,2026-06-18 12:00:00+00:00,stop,amd_fvg_m5,momentum,fib_extension,near,fvg,D,True,D,19.6,against,ahead,fvg,19.6,against,3,1a_h4,breakout,ny_judas,ny,,,False,2,2,W|D|60T,-1,False,W,D|240T|60T,False,0,,,,False,False,True,False,,True,dual,27.3,23.0,4.0,2.0,high,6.2,True,2026-06-17 23:15:00+00:00,2026-06-18 04:45:00+00:00,2026-06-18 07:30:00+00:00,2026-06-18 07:30:00+00:00,False,discount,eqh,m15_range,False,False,,golden,,,,,,,,,,,,,,,0,,0,,False,0,2,False,False,1,True,False,False,False,,,,0.0,0,14.8,,,,,
EURUSD,1,-1,1.1447800000000001,1.14582,2000,1.14578,1.14178,-38.4799999999974,2026-06-22 08:30:00+00:00,2026-06-22 10:00:00+00:00,stop,amd_fvg_m5,momentum,pdh_pdl,near,,,False,,80.4,with,behind,fvg,80.4,with,2,1b_h4,breakout,london_judas,london,,,False,6,2,D|240T|15T,-1,False,D,D|240T,False,0,,,,False,False,True,False,,True,single,34.7,45.0,3.0,2.0,high,4.2,True,2026-06-19 08:00:00+00:00,2026-06-19 19:00:00+00:00,2026-06-19 19:45:00+00:00,2026-06-19 19:50:00+00:00,,,,m15_range,False,False,,against,,,,,,,,,,,,,,,0,,0,,False,0,3,True,False,0,True,False,False,True,,,equal_hl,1.141835,0,6.4,,30.9,,30.9,30.9
EURUSD,1,-1,1.14256,1.1392700000000002,2000,1.1415600000000001,1.1392300000000002,121.72999999999234,2026-06-23 08:30:00+00:00,2026-06-23 12:30:00+00:00,target,amd_breaker_m5,judas,fib_extension,d60,,,False,,102.6,with,behind,fvg,102.6,with,2,3a,judas,london_judas,london,,,False,2,3,D|240T|60T|15T,-1,True,D,D|240T|60T,True,0,,240T,,False,False,True,False,,True,single,13.3,40.0,9.0,6.0,high,7.1,True,2026-06-22 21:00:00+00:00,2026-06-23 06:45:00+00:00,2026-06-23 08:15:00+00:00,2026-06-23 08:20:00+00:00,False,discount,eqh,session_range,False,False,opposing,against,,,,,,,,,,,,,,,0,,0,,False,0,2,True,False,0,True,False,False,False,,,,0.0,0,33.3,7.9,8.7,,8.7,8.7
EURUSD,1,-1,1.13927,1.13581,2000,1.13577,1.1349700000000003,128.0200000000007,2026-06-23 12:30:00+00:00,2026-06-24 08:40:00+00:00,stop,amd_fvg_m5,momentum,fib_extension,near,,,False,,135.5,with,behind,fvg,135.5,with,2,1b,breakout,ny_judas,ny,,,False,2,2,D|240T,-1,False,D,D|240T|60T,False,0,,240T,,False,False,True,False,,True,single,34.4,16.0,2.0,6.0,high,-26.4,True,2026-06-23 07:00:00+00:00,2026-06-23 10:45:00+00:00,2026-06-23 11:00:00+00:00,2026-06-23 11:00:00+00:00,False,discount,eqh,session_range,False,False,,against,,,,,,,,,,,,,,,0,,0,,False,0,2,True,False,0,True,False,False,False,,,,0.0,0,41.3,,,,,
EURUSD,1,1,1.1397599999999999,1.1397199999999998,7812,1.1397599999999999,1.143285,-5.780880000005782,2026-06-29 07:15:00+00:00,2026-06-29 09:20:00+00:00,stop,amd_fvg_m15,momentum,equal_hl,near,fvg,D,True,240T,0.0,against,inside,ifvg,0.0,against,1,3b,judas,london_judas,london,,,False,4,2,60T,0,True,60T,60T,True,0,,,,False,False,True,False,,True,single,12.6,20.0,2.0,6.0,low,0.6,True,2026-06-26 17:45:00+00:00,2026-06-28 22:30:00+00:00,2026-06-28 22:45:00+00:00,2026-06-28 22:50:00+00:00,,,,m15_range,False,False,,golden,,,,,,,,,,,,,,,0,,0,,False,0,3,True,False,0,True,False,False,True,,,equal_hl,1.14322,0,17.3,,37.1,225.4,289.0,399.9
EURUSD,1,-1,1.1385800000000001,1.1376200000000003,5000,1.1375800000000003,1.1350500000000001,88.79999999998611,2026-07-01 13:00:00+00:00,2026-07-01 14:20:00+00:00,stop,amd_fvg_m15,momentum,fib_extension,d3,ob,240T,False,,53.2,with,behind,fvg,53.2,with,1,1b,breakout,ny_judas,ny,,240T,False,3,2,D|15T,-1,False,D,D,False,1,60T,D,,False,False,True,False,,True,single,14.9,19.0,6.0,4.0,high,0.3,True,2026-06-30 16:15:00+00:00,2026-06-30 20:45:00+00:00,2026-06-30 21:00:00+00:00,2026-06-30 21:00:00+00:00,False,discount,eqh,m15_range,False,False,,against,,,,,,,,,,,,,,,0,,0,,False,0,3,True,False,0,True,False,False,True,,,equal_hl,1.1357849999999998,0,24.1,1.8,6.9,,62.2,62.2
GBPUSD,1,1,1.33144,1.33039,5000,1.33044,1.33461,-97.12499999999957,2026-07-02 07:45:00+00:00,2026-07-02 08:00:00+00:00,stop,amd_ob_m5,momentum,swing,near,fvg,D,True,240T,10.2,against,ahead,fvg,10.2,against,0,2b,breakout,london_judas,london,,,False,2,1,60T,0,False,60T,240T,False,1,60T,,,False,False,False,False,,True,single,29.5,29.0,3.0,2.0,low,3.4,True,2026-07-01 14:45:00+00:00,2026-07-01 21:45:00+00:00,2026-07-01 22:00:00+00:00,2026-07-01 22:00:00+00:00,False,premium,none,m15_range,False,False,,against,,,,,,,,,,,,,,,0,,0,,False,0,2,False,False,0,True,False,False,True,,,equal_hl,1.3326666666666667,0,11.1,,,147.3,171.8,344.2
EURUSD,1,-1,1.14239,1.14243,15000,1.14239,1.13896872,-11.1000000000111,2026-07-06 07:20:00+00:00,2026-07-06 16:45:00+00:00,stop,mss_ob_m5,momentum,fib_extension,near,ob,D,False,,15.1,with,behind,ob,3.8,against,3,3a,breakout,london_judas,london,,,False,2,2,D|15T,-1,False,D,D,False,0,,,,False,False,True,False,,False,,34.8,89.0,2.0,2.0,low,1.4,False,2026-07-03 09:00:00+00:00,2026-07-06 07:00:00+00:00,2026-07-06 07:15:00+00:00,2026-07-06 07:15:00+00:00,,,,m15_range,False,False,confirmed,against,,,,,,,,,,,,,,,0,,0,,False,0,2,True,False,0,False,False,False,True,,,equal_hl,1.141965,0,15.6,,49.9,100.3,100.3,100.3
EURUSD,1,1,1.14227,1.14157,7812,1.14161,1.1458500000000003,-101.16539999998886,2026-07-08 08:15:00+00:00,2026-07-08 09:15:00+00:00,stop,amd_ob_m5,momentum,fib_extension,d3,ifvg,D,True,D,16.3,against,ahead,ob,2.6,with,0,3b,breakout,london_judas,london,,D,False,2,1,,0,True,,,True,-1,60T,D,,False,False,True,False,,True,single,30.2,41.0,3.0,2.0,low,1.6,True,2026-07-07 16:15:00+00:00,2026-07-08 02:15:00+00:00,2026-07-08 02:30:00+00:00,2026-07-08 02:40:00+00:00,True,premium,pdl,m15_range,False,False,,golden,,,,,,,,,,,,,,,0,,0,,False,0,4,True,False,0,True,False,True,True,continuation,ob,equal_hl,1.143406,0,8.8,,26.1,51.7,223.3,374.8
NZDUSD,1,1,0.5716650000000001,0.57059,6250,0.5706650000000001,0.57484932,-124.29687500000557,2026-07-08 08:30:00+00:00,2026-07-08 09:15:00+00:00,stop,amd_fvg_h1,momentum,fib_extension,near,fvg,W,True,240T,0.0,against,inside,ifvg,0.0,against,0,N-long,breakout,london_judas,london,,D,False,3,2,15T,0,True,15T,,True,-1,60T,D,,False,False,True,False,,True,single,8.2,8.0,3.0,3.0,low,2.9,True,2026-07-07 20:30:00+00:00,2026-07-07 22:15:00+00:00,2026-07-07 22:30:00+00:00,2026-07-07 22:30:00+00:00,True,premium,pdl,m15_range,False,False,,,,,,,,,,,,,,,,,0,,0,,False,0,4,True,False,0,True,False,True,True,continuation,pdhl,equal_hl,0.5723199999999999,0,3.0,,,25.0,219.5,278.5
GBPUSD,1,1,1.34106,1.3410099999999998,2000,1.34106,1.34429,-1.850000000003904,2026-07-09 07:00:00+00:00,2026-07-09 09:55:00+00:00,stop,amd_fvg_h1,momentum,ith_liquidity,d3,ob,W,False,,48.0,against,ahead,ob,0.0,against,1,2b_ip,breakout,london_judas,london,,,False,3,1,240T|15T,0,False,240T,,False,-1,60T,D,,False,False,True,False,,True,single,13.8,9.0,2.0,6.0,low,2.6,True,2026-07-08 23:15:00+00:00,2026-07-09 01:15:00+00:00,2026-07-09 02:30:00+00:00,2026-07-09 02:30:00+00:00,False,premium,eql,m15_range,False,False,,against,,,,,,,,,,,,,,,0,,0,,False,0,2,False,False,0,True,False,False,True,,,equal_hl,1.3426599999999997,0,20.0,,0.5,,73.5,248.0
EURUSD,1,-1,1.1427100000000001,1.1433,2736,1.14326,1.1391,-29.86343999999334,2026-07-09 11:45:00+00:00,2026-07-09 13:00:00+00:00,stop,amd_ob_m5,momentum,pdh_pdl,near,ob,D,False,,11.9,with,behind,ob,7.0,against,3,3a,judas,ny_judas,ny,,,False,2,2,D|60T,-1,False,D,D,False,1,60T,,,False,False,True,False,,True,single,18.7,35.0,4.0,3.0,high,15.4,True,2026-07-08 22:15:00+00:00,2026-07-09 06:45:00+00:00,2026-07-09 07:30:00+00:00,2026-07-09 07:30:00+00:00,True,premium,pdh,m15_range,False,False,opposing,against,,,,,,,,,,,,,,,0,,0,,False,0,2,False,False,0,True,False,False,True,,,equal_hl,1.1418766666666667,0,6.1,16.2,37.0,103.5,103.5,103.5
EURUSD,1,-1,1.14381,1.14385,2000,1.14381,1.14254,-1.4800000000014801,2026-07-10 08:00:00+00:00,2026-07-10 13:10:00+00:00,stop,amd_m1_shift_ifvg,golden,judas_origin_60T,,,,False,,0.9,with,behind,ifvg,0.9,with,2,golden,mm_golden,london_golden,london,,,False,4,0,,0,False,,,False,0,,,,False,False,False,False,,False,,32.6,27.0,2.0,5.0,high,,True,,,,,,,,m15_range,False,False,,golden,cascade,,failed,,1b,60T,ifvg,,,s2:cont:eu+gu+dxy,,1.1442,1.14468,60T,0,,0,,True,1,2,False,False,0,True,False,False,True,,,equal_hl,1.1416925,0,11.7,0.0,0.0,0.0,0.0,0.0
GBPUSD,1,-1,1.35009,1.35114,2000,1.35109,1.34699,-38.84999999999983,2026-07-16 13:30:00+00:00,2026-07-16 14:40:00+00:00,stop,amd_fvg_h1,momentum,swing,near,fvg,240T,False,,50.2,with,behind,ifvg,50.2,with,1,1a_ip,breakout,ny_judas,ny,W,,False,3,2,W,-1,False,W,D,False,1,60T,,,False,False,False,False,,True,single,17.8,10.0,2.0,2.0,high,3.9,True,2026-07-16 10:30:00+00:00,2026-07-16 12:45:00+00:00,2026-07-16 13:00:00+00:00,2026-07-16 13:05:00+00:00,False,premium,none,m15_range,False,False,,golden,,,,,,,,,,,,,,,0,,0,,False,0,3,True,False,0,True,False,False,True,,,equal_hl,1.345495,0,4.8,8.7,160.2,310.0,362.1,362.1
GBPUSD,1,-1,1.3438,1.3438500000000002,2126,1.3438,1.34065,-1.96655000000415,2026-07-17 11:15:00+00:00,2026-07-17 12:15:00+00:00,stop,amd_fvg_h1,momentum,swing,near,ob,W,False,,5.0,against,behind,fvg,5.0,against,1,1a_h4,breakout,ny_judas,ny,,,False,3,2,W|60T,-1,False,W,D,False,1,D,,,False,False,False,False,,True,dual,23.2,59.0,2.0,3.0,high,0.6,True,2026-07-16 17:15:00+00:00,2026-07-17 07:45:00+00:00,2026-07-17 08:00:00+00:00,2026-07-17 08:00:00+00:00,False,discount,eqh,m15_range,False,False,,golden,,,,,,,,,,,,,,,0,,0,,False,0,4,True,False,0,True,False,True,True,continuation,pdhl,equal_hl,1.34301,0,12.1,,97.0,247.1,299.2,299.2
GBPUSD,1,1,1.34673,1.3466799999999999,2000,1.34673,1.35,-1.850000000003904,2026-07-20 08:20:00+00:00,2026-07-20 09:25:00+00:00,stop,amd_ob_m15,momentum,round_number,near,ifvg,W,True,240T,7.9,with,behind,fvg,7.9,with,1,2b,judas,london_judas,london,,,False,4,1,240T,0,False,240T,240T,False,-1,60T,,,False,False,False,False,,True,single,6.3,10.0,2.0,6.0,low,13.5,True,2026-07-17 18:15:00+00:00,2026-07-17 20:30:00+00:00,2026-07-19 22:15:00+00:00,2026-07-19 22:15:00+00:00,,,,m15_range,False,False,opposing,against,,,,,,,,,,,,,,,0,,0,,False,0,3,True,False,0,True,False,False,True,,,equal_hl,1.347895,0,13.6,,77.5,,91.6,186.8
EURUSD,1,-1,1.1427500000000002,1.1417900000000003,2000,1.1417500000000003,1.13968,35.51999999999445,2026-07-20 13:00:00+00:00,2026-07-20 19:15:00+00:00,stop,amd_fvg_m5,momentum,fib_extension,d3,,,True,240T,100.7,with,behind,fvg,100.7,with,3,3a,judas,ny_judas,ny,,,False,3,2,D,-1,False,D,D,False,1,D,240T,,False,False,True,False,,True,single,22.3,16.0,2.0,2.0,high,-9.0,True,2026-07-20 07:00:00+00:00,2026-07-20 10:45:00+00:00,2026-07-20 12:30:00+00:00,2026-07-20 12:30:00+00:00,,,,session_range,False,False,,against,,,,,,,,,,,,,,,0,,0,,False,0,3,True,False,0,True,False,False,True,,,equal_hl,1.14193,0,25.2,1.2,5.0,40.7,103.9,103.9
GBPUSD,1,-1,1.3401,1.3366500000000001,2000,1.3366,1.33648,127.64999999999827,2026-07-21 13:00:00+00:00,2026-07-21 14:35:00+00:00,stop,amd_fvg_m5,momentum,equal_hl,near,,,False,,46.1,with,behind,ifvg,46.1,with,3,1a,judas,ny_judas,ny,,,False,3,2,W|60T,-1,False,W,D|240T,False,1,D,240T,,False,False,True,False,,True,single,32.8,55.0,2.0,2.0,high,4.1,True,2026-07-20 18:00:00+00:00,2026-07-21 07:30:00+00:00,2026-07-21 08:00:00+00:00,2026-07-21 08:05:00+00:00,False,discount,pwh,m15_range,False,False,,golden,,,,,,,,,,,,,,,0,,0,,False,0,4,True,False,0,True,False,True,True,continuation,d1_fvg,equal_hl,1.338575,0,41.4,0.7,,80.1,262.2,262.2
EURUSD,1,-1,1.14006,1.14018,2000,1.14106,1.13617,-4.439999999996225,2026-07-22 11:00:00+00:00,2026-07-22 11:05:00+00:00,session_handover,amd_m1_shift_ob2,golden,swing,,,,False,,127.6,with,behind,fvg,127.6,with,3,golden,mm_golden,ny_golden,ny,,,False,2,0,,0,False,,,False,0,,,,False,False,False,False,,False,,16.5,40.0,2.0,3.0,high,,True,,,,,,,,m15_range,False,False,,golden,cascade,,failed,,1b,15T,ob2,,,s2:cont:eu+gu+dxy,,1.14113,1.14194,60T,0,,0,,True,2,2,False,False,0,True,False,False,True,,,equal_hl,1.1398133333333333,0,0.4,0.0,0.0,0.0,0.0,0.0
GBPUSD,1,-1,1.33788,1.3342200000000002,2000,1.33788,1.33417,135.41999999999166,2026-07-23 07:35:00+00:00,2026-07-23 12:40:00+00:00,target,amd_m1_shift_ifvg,golden,swing,,,,False,,16.2,with,behind,fvg,16.2,with,2,golden,mm_golden,london_golden,london,,,False,3,0,,0,False,,,False,0,,,,False,False,False,False,,False,,24.7,46.0,3.0,3.0,high,,True,,,,,,,,m15_range,False,False,,golden,cascade,240T,failed,,1a,5T,ifvg,,,s2:noref:eu,,1.33881,1.33913,60T,0,,0,,True,1,3,False,False,0,True,False,True,True,continuation,d1_fvg,equal_hl,1.3377633333333332,0,38.7,0.0,0.0,0.0,0.0,0.0
EURUSD,1,-1,1.14066,1.13764,2000,1.1396600000000001,1.1376,111.74000000000083,2026-07-23 11:15:00+00:00,2026-07-23 13:45:00+00:00,target,amd_fvg_m15,momentum,fib_extension,d3,ob,240T,False,,121.6,with,behind,fvg,121.6,with,2,3a,judas,ny_judas,ny,,,False,4,1,240T,0,False,240T,240T,False,1,60T,D,,False,False,True,False,,True,dual,33.4,73.0,2.0,4.0,high,0.2,True,2026-07-22 11:15:00+00:00,2026-07-23 05:15:00+00:00,2026-07-23 05:30:00+00:00,2026-07-23 05:30:00+00:00,False,discount,eqh,m15_range,False,False,confirmed,against,,,,,,,,,,,,,,,0,,0,,False,0,2,False,False,0,True,False,False,True,,,equal_hl,1.1402200000000002,0,31.0,2.1,13.3,19.8,83.0,83.0
EURUSD,1,-1,1.13711,1.13792,15000,1.13788,1.13335,-224.77499999999372,2026-07-24 13:35:00+00:00,2026-07-24 15:00:00+00:00,stop,amd_ob_m5,momentum,fib_extension,d3,,,False,,157.1,with,behind,fvg,157.1,with,3,3a,breakout,ny_judas,ny,,240T,False,2,1,240T,0,False,240T,240T|60T,False,0,,D,,False,False,True,False,,True,dual,32.6,78.0,4.0,2.0,high,4.8,True,2026-07-23 12:45:00+00:00,2026-07-24 08:00:00+00:00,2026-07-24 08:30:00+00:00,2026-07-24 08:30:00+00:00,False,discount,eqh,m15_range,False,False,opposing,against,,,,,,,,,,,,,,,0,,0,,False,0,2,False,False,0,True,False,False,True,,,equal_hl,1.136425,0,6.3,0.9,8.3,,47.5,47.5
GBPUSD,1,-1,1.33175,1.3318,2000,1.33175,1.32697,-1.850000000003904,2026-07-27 11:55:00+00:00,2026-07-27 14:30:00+00:00,stop,amd_fvg_m5,momentum,fib_extension,d3,ifvg,W,False,,0.0,against,inside,ifvg,0.0,against,1,1a,judas,ny_judas,ny,,,False,1,2,W,-1,False,W,,False,1,60T,D,,False,False,True,False,,True,dual,21.7,15.0,2.0,3.0,high,0.2,True,2026-07-26 23:15:00+00:00,2026-07-27 02:45:00+00:00,2026-07-27 03:00:00+00:00,2026-07-27 03:00:00+00:00,,,,m15_range,False,False,confirmed,golden,,,,,,,,,,,,,,,0,,0,,False,0,4,True,False,0,True,False,True,True,continuation,breaker,equal_hl,1.331726,0,13.4,,22.2,,178.7,178.7
EURUSD,1,-1,1.13884,1.1378800000000002,2004,1.1378400000000002,1.13489,35.591039999994436,2026-07-27 13:00:00+00:00,2026-07-28 03:50:00+00:00,stop,amd_ob_m5,momentum,fib_extension,d3,ob,240T,False,,139.8,with,behind,fvg,139.8,with,1,3a,breakout,ny_judas,ny,,,False,2,1,240T,0,False,240T,,False,1,60T,D,,False,False,True,False,,True,single,26.8,38.0,3.0,3.0,high,3.8,True,2026-07-26 22:00:00+00:00,2026-07-27 07:15:00+00:00,2026-07-27 07:30:00+00:00,2026-07-27 07:40:00+00:00,,,,m15_range,False,False,,against,,,,,,,,,,,,,,,0,,0,,False,0,3,True,False,0,True,False,False,True,,,equal_hl,1.138275,0,22.0,4.3,25.6,14.1,64.8,64.8
GBPUSD,1,-1,1.32745,1.3284,2000,1.32835,1.3242499999999997,-35.15000000000023,2026-07-28 12:10:00+00:00,2026-07-28 13:00:00+00:00,stop,amd_m1_shift_ifvg,golden,fib_extension,,,,False,,62.3,against,ahead,ob,0.0,against,3,golden,mm_golden,ny_golden,ny,,,False,3,0,,0,False,,,False,0,,,,False,False,False,False,,False,,25.3,16.0,7.0,1.0,high,,True,,,,,,,,session_range,False,False,,golden,cascade,240T,untested,,1a,60T,ifvg,,,s3:smt:dxy,,1.32825,1.32915,60T,0,,0,,True,2,4,True,False,0,True,False,True,True,continuation,d1_fvg,equal_hl,1.321555,0,0.3,0.0,0.0,0.0,0.0,0.0
EURUSD,1,-1,1.13914,1.13921,2741,1.13971,1.13531,-3.549595000000735,2026-07-29 11:00:00+00:00,2026-07-29 11:05:00+00:00,session_handover,amd_breaker_m5,judas,pdh_pdl,near,ob,240T,True,240T,136.8,with,behind,fvg,136.8,with,2,3a,judas,ny_judas,ny,,240T,False,4,1,240T|60T,0,False,240T,,False,-1,60T,240T,,False,False,True,False,,False,,30.8,8.0,2.0,2.0,high,3.2,True,2026-07-28 15:00:00+00:00,2026-07-28 16:45:00+00:00,2026-07-28 17:15:00+00:00,2026-07-28 17:25:00+00:00,True,premium,pdh,m15_range,False,False,confirmed,against,,,,,,,,,,,,,,,0,,0,,False,0,2,False,False,-1,True,False,False,True,,,equal_hl,1.13814,0,0.7,10.2,39.2,17.1,67.8,67.8
EURUSD,1,-1,1.14476,1.1448,2000,1.14476,1.14139,-1.4800000000014801,2026-07-30 07:00:00+00:00,2026-07-30 09:15:00+00:00,stop,amd_ob_m5,momentum,swing,near,fvg,D,True,240T,80.6,with,behind,fvg,80.6,with,1,3a,breakout,london_judas,london,,D,False,5,1,240T,0,False,240T,,False,0,,240T,,False,False,False,False,,True,single,24.6,13.0,2.0,2.0,high,3.5,True,2026-07-29 20:45:00+00:00,2026-07-29 23:45:00+00:00,2026-07-30 00:00:00+00:00,2026-07-30 00:05:00+00:00,True,premium,pdh,m15_range,False,False,,against,,,,,,,,,,,,,,,0,,0,,False,0,3,False,False,1,True,False,False,True,,,equal_hl,1.142898,0,13.4,1.8,95.4,73.3,115.2,124.0
GBPUSD,1,1,1.33783,1.3387799999999999,2000,1.33883,1.3417345999999999,35.14999999999202,2026-07-30 11:00:00+00:00,2026-07-30 12:05:00+00:00,stop,amd_fvg_m5,judas,fib_extension,d3,fvg,240T,True,240T,16.7,against,ahead,fvg,16.7,against,2,2b_ip,breakout,ny_judas,ny,,,False,3,2,D,1,False,D,D|60T,False,0,,240T,,False,False,True,False,,True,single,25.0,24.0,2.0,2.0,low,1.4,True,2026-07-30 01:30:00+00:00,2026-07-30 07:15:00+00:00,2026-07-30 07:30:00+00:00,2026-07-30 07:30:00+00:00,False,premium,eql,m15_range,False,False,,against,,,,,,,,,,,,,,,0,,0,,False,0,4,True,False,1,True,False,False,True,,,equal_hl,1.3389950000000002,0,28.4,,9.7,180.6,180.6,180.6
EURUSD,1,1,1.1515799999999998,1.15054,2000,1.15058,1.155,-38.4799999999974,2026-07-31 07:05:00+00:00,2026-07-31 09:30:00+00:00,stop,amd_m1_shift_ifvg,golden,round_number,,,,False,,12.4,against,ahead,fvg,12.4,against,2,golden,mm_golden,london_golden,london,,,False,1,0,,0,False,,,False,0,,,,False,False,False,False,,False,,29.7,54.0,4.0,3.0,low,,True,,,,,,,,m15_range,False,False,,golden,cascade,240T,failed,,2a,15T,ifvg,,,s3:noref:gu,,1.15036,1.15175,60T,0,,0,,True,1,5,True,False,1,True,False,True,True,continuation,breaker,equal_hl,1.1523400000000001,0,8.9,0.0,0.0,0.0,0.0,0.0
EURUSD,1,-1,1.1499300000000001,1.1499700000000002,2733,1.1499300000000001,1.1457682599999996,-2.0224200000020227,2026-07-31 12:00:00+00:00,2026-07-31 14:20:00+00:00,stop,amd_ob_m5,momentum,fib_extension,near,ifvg,240T,True,240T,28.9,with,behind,fvg,28.9,with,1,1b_h4,breakout,ny_judas,ny,W,D,False,2,0,,0,False,,,False,0,,D,,False,False,True,False,,True,single,22.1,13.0,2.0,2.0,high,0.1,True,2026-07-30 16:30:00+00:00,2026-07-30 19:30:00+00:00,2026-07-30 19:45:00+00:00,2026-07-30 19:55:00+00:00,True,discount,pdh,m15_range,False,False,,against,,,,,,,,,,,,,,,0,,0,,False,0,3,False,False,1,True,False,False,True,,,equal_hl,1.145465,0,18.0,,147.1,125.0,147.1,175.7
EURUSD,1,1,1.15293,1.15191,2000,1.15195,1.1578,-37.74000000000078,2026-08-03 12:50:00+00:00,2026-08-03 15:05:00+00:00,stop,amd_m1_shift_ifvg,golden,swing,,,,False,,0.0,against,inside,fvg,0.0,against,2,golden,mm_golden,ny_golden,ny,,,False,2,0,,0,False,,,False,0,,,,False,False,False,False,,False,,18.9,36.0,2.0,5.0,low,,True,,,,,,,,m15_range,False,False,,golden,cascade,240T,failed,,2a,60T,ifvg,,,s2:cont:eu+gu+dxy,,1.15191,1.15243,60T,0,,0,,True,1,5,True,True,0,True,False,True,True,continuation,breaker,equal_hl,1.1532550000000001,0,5.8,0.0,0.0,0.0,0.0,0.0
EURUSD,1,1,1.1517899999999999,1.1510099999999999,2076,1.15105,1.1556,-29.956680000000112,2026-08-04 12:15:00+00:00,2026-08-04 14:15:00+00:00,stop,amd_fvg_m5,momentum,pdh_pdl,near,fvg,D,True,240T,10.3,against,ahead,fvg,10.3,against,2,3b,breakout,ny_judas,ny,240T,,False,4,2,240T|15T,1,False,240T,D|240T|60T,False,0,,,,False,False,True,False,,True,single,8.7,8.0,2.0,2.0,low,0.5,True,2026-08-03 16:45:00+00:00,2026-08-03 18:30:00+00:00,2026-08-03 18:45:00+00:00,2026-08-03 18:55:00+00:00,True,discount,pdl,m15_range,False,False,opposing,golden,,,,,,,,,,,,,,,0,,0,,False,0,5,True,True,0,True,False,True,True,continuation,breaker,equal_hl,1.1523400000000001,0,5.5,,41.7,,41.7,168.7
EURUSD,1,-1,1.15489,1.15493,2141,1.15489,1.15176,-1.5843400000015846,2026-08-10 13:15:00+00:00,2026-08-11 01:40:00+00:00,stop,mss_ob_m5,momentum,swing,near,ifvg,240T,True,240T,0.0,with,inside,fvg,0.0,with,1,1b_h4,judas,ny_judas,ny,D,240T,False,5,0,,0,False,,,False,1,60T,240T,,False,False,False,False,,True,single,27.6,93.0,3.0,6.0,low,1.1,False,2026-08-07 14:00:00+00:00,2026-08-10 13:00:00+00:00,2026-08-10 13:15:00+00:00,2026-08-10 13:25:00+00:00,,,,m15_range,False,False,confirmed,against,,,,,,,,,,,,,,,0,,0,,False,0,2,True,False,0,False,False,False,True,,,equal_hl,1.15394,0,13.0,2.0,35.3,196.7,196.7,225.3
EURUSD,1,-1,1.1536000000000002,1.1536600000000001,3038,1.1541,1.1505874999999999,-3.3721799999971327,2026-08-11 08:30:00+00:00,2026-08-11 11:00:00+00:00,session_handover,amd_ob_m5,momentum,equal_hl,d3,fvg,W,True,240T,0.0,with,inside,fvg,0.0,with,0,3a,breakout,london_judas,london,,,False,4,1,60T,0,False,60T,,False,1,D,,,False,False,False,False,,False,,7.5,12.0,2.0,4.0,high,2.5,True,2026-08-10 22:15:00+00:00,2026-08-11 01:00:00+00:00,2026-08-11 01:30:00+00:00,2026-08-11 01:40:00+00:00,False,discount,eqh,m15_range,False,False,confirmed,against,,,,,,,,,,,,,,,0,,0,,False,0,3,True,False,0,True,False,False,True,,,equal_hl,1.1530475,0,4.8,1.0,19.3,183.8,183.8,212.4
NZDUSD,1,-1,0.587455,0.5879650000000001,3492,0.58789,0.58441,-32.947020000007846,2026-08-11 08:30:00+00:00,2026-08-11 11:25:00+00:00,stop,amd_fvg_m15,momentum,swing,d3,fvg,D,True,240T,12.3,with,behind,ifvg,12.3,with,0,N-short_h4,breakout,london_judas,london,,,False,5,0,,0,False,,,False,1,D,240T,,False,False,False,False,,True,single,15.2,33.0,3.0,3.0,high,0.9,True,2026-08-10 22:15:00+00:00,2026-08-11 06:15:00+00:00,2026-08-11 06:30:00+00:00,2026-08-11 06:35:00+00:00,False,discount,eqh,m15_range,False,False,,,,,,,,,,,,,,,,,0,,0,,False,0,3,True,False,0,True,False,False,True,,,equal_hl,0.5866549999999999,0,6.8,10.4,13.7,120.2,204.9,249.9
EURUSD,1,1,1.15439,1.1576283600000004,2678,1.15539,1.1576683600000004,160.43806948001628,2026-08-14 07:00:00+00:00,2026-08-14 13:30:00+00:00,target,mss_ob_m5,momentum,fib_extension,d3,fvg,D,True,D,0.0,against,inside,fvg,0.0,against,2,3b,judas,london_judas,london,,,False,5,0,,0,False,,,False,0,,D,,False,False,True,False,,True,single,28.3,29.0,2.0,2.0,high,0.2,False,2026-08-13 08:00:00+00:00,2026-08-13 15:00:00+00:00,2026-08-13 15:15:00+00:00,2026-08-13 15:15:00+00:00,True,premium,pdh,m15_range,False,False,,golden,,,,,,,,,,,,,,,0,,0,,False,0,3,True,False,0,False,False,True,True,continuation,w_fvg,equal_hl,1.154755,0,34.6,,19.8,15.7,37.8,101.2
EURUSD,1,1,1.15983,1.1607899999999998,2000,1.1608299999999998,1.16288,35.51999999999445,2026-08-19 07:20:00+00:00,2026-08-19 13:30:00+00:00,stop,amd_fvg_h1,momentum,equal_hl,d60,,,False,,36.9,with,behind,ob,35.5,with,2,3b,breakout,london_judas,london,,,False,3,2,D|240T,1,False,D,D|240T,False,-1,60T,,,False,False,True,False,,True,single,19.3,40.0,6.0,9.0,low,-17.6,True,2026-08-18 21:00:00+00:00,2026-08-19 06:45:00+00:00,2026-08-19 07:00:00+00:00,2026-08-19 07:00:00+00:00,True,premium,pdl,session_range,False,False,,golden,,,,,,,,,,,,,,,0,,0,,False,0,4,True,False,0,True,False,True,True,continuation,d1_fvg,equal_hl,1.161535,0,21.3,,16.7,,16.7,24.7
EURUSD,2,1,1.1707299999999998,1.16992,2000,1.16996,1.1741000000000001,-29.969999999990947,2026-08-20 11:00:00+00:00,2026-08-20 11:45:00+00:00,stop,pyramid_wamd1.0_fvg_m5,no_open,equal_hl,d60,ob,D,False,,118.8,with,behind,ob,68.3,against,2,3b,judas,london_judas,london,,,False,2,3,D|240T|60T|15T,1,True,D,D|240T,False,0,,,,False,False,True,False,,True,single,9.0,13.0,4.0,2.0,low,1.2,True,2026-08-20 03:15:00+00:00,2026-08-20 06:15:00+00:00,2026-08-20 06:30:00+00:00,2026-08-20 06:40:00+00:00,False,premium,eql,m15_range,False,False,opposing,golden,,,,,,,,,,,,,,,0,,0,,False,0,3,True,False,0,True,False,True,False,continuation,d1_fvg,,0.0,0,3.2,4.4,0.8,,0.8,0.8
EURUSD,2,1,1.17015,1.16971,2000,1.16975,1.1741000000000001,-16.279999999999852,2026-08-20 11:45:00+00:00,2026-08-20 11:50:00+00:00,stop,pyramid_wamd1.0_ob_m5,no_open,equal_hl,d60,ob,D,False,,118.8,with,behind,ob,68.3,against,2,3b,judas,london_judas,london,,,False,2,3,D|240T|60T|15T,1,True,D,D|240T,False,0,,,,False,False,True,False,,True,single,9.0,13.0,4.0,2.0,low,1.2,True,2026-08-20 03:15:00+00:00,2026-08-20 06:15:00+00:00,2026-08-20 06:30:00+00:00,2026-08-20 06:40:00+00:00,False,premium,eql,m15_range,False,False,opposing,golden,,,,,,,,,,,,,,,0,,0,,False,0,3,True,False,0,True,False,True,False,continuation,d1_fvg,,0.0,0,9.0,4.4,0.8,,0.8,0.8
EURUSD,2,1,1.1696099999999998,1.1691699999999998,2000,1.1692099999999999,1.1741000000000001,-16.279999999999852,2026-08-20 11:50:00+00:00,2026-08-20 12:10:00+00:00,stop,pyramid_wamd1.0_ob_m5,no_open,equal_hl,d60,ob,D,False,,118.8,with,behind,ob,68.3,against,2,3b,judas,london_judas,london,,,False,2,3,D|240T|60T|15T,1,True,D,D|240T,False,0,,,,False,False,True,False,,True,single,9.0,13.0,4.0,2.0,low,1.2,True,2026-08-20 03:15:00+00:00,2026-08-20 06:15:00+00:00,2026-08-20 06:30:00+00:00,2026-08-20 06:40:00+00:00,False,premium,eql,m15_range,False,False,opposing,golden,,,,,,,,,,,,,,,0,,0,,False,0,3,True,False,0,True,False,True,False,continuation,d1_fvg,,0.0,0,14.4,4.4,0.8,,0.8,0.8
EURUSD,2,1,1.1696099999999998,1.16872,2000,1.16876,1.1741000000000001,-32.92999999999391,2026-08-20 12:30:00+00:00,2026-08-20 12:40:00+00:00,stop,pyramid_wamd1.0_ob_m5,no_open,equal_hl,d60,ob,D,False,,118.8,with,behind,ob,68.3,against,2,3b,judas,london_judas,london,,,False,2,3,D|240T|60T|15T,1,True,D,D|240T,False,0,,,,False,False,True,False,,True,single,9.0,13.0,4.0,2.0,low,1.2,True,2026-08-20 03:15:00+00:00,2026-08-20 06:15:00+00:00,2026-08-20 06:30:00+00:00,2026-08-20 06:40:00+00:00,False,premium,eql,m15_range,False,False,opposing,golden,,,,,,,,,,,,,,,0,,0,,False,0,3,True,False,0,True,False,True,False,continuation,d1_fvg,,0.0,0,14.4,4.4,0.8,,0.8,0.8
EURUSD,1,1,1.1680199999999998,1.1679799999999998,2000,1.1680199999999998,1.1741000000000001,-1.4800000000014801,2026-08-20 07:10:00+00:00,2026-08-20 13:05:00+00:00,stop,amd_ob_m15,momentum,equal_hl,d60,ob,D,False,,118.8,with,behind,ob,68.3,against,2,3b,judas,london_judas,london,,,False,2,3,D|240T|60T|15T,1,True,D,D|240T,False,0,,,,False,False,True,False,,True,single,9.0,13.0,4.0,2.0,low,1.2,True,2026-08-20 03:15:00+00:00,2026-08-20 06:15:00+00:00,2026-08-20 06:30:00+00:00,2026-08-20 06:40:00+00:00,False,premium,eql,m15_range,False,False,opposing,golden,,,,,,,,,,,,,,,0,,0,,False,0,3,True,False,0,True,False,True,False,continuation,d1_fvg,,0.0,0,30.3,4.4,0.8,,0.8,0.8
EURUSD,2,-1,1.16528,1.16578,2000,1.16574,1.16216,-18.49999999999796,2026-08-25 07:00:00+00:00,2026-08-25 07:10:00+00:00,stop,pyramid_im1.0_ob_m5,no_open,swing,d3,ifvg,D,True,240T,7.2,against,ahead,ifvg,7.2,against,1,3a,breakout,london_breakout,london,W,W,False,3,1,60T|15T,0,False,60T,,False,1,60T,,,False,False,False,False,,False,,,,,,,,,,,,,,,,,False,False,confirmed,against,,,,,,,,,,,,,,,0,,0,,False,0,3,True,False,0,True,False,False,True,,,equal_hl,1.157055,0,-0.1,4.9,8.6,165.6,324.2,352.8
EURUSD,2,-1,1.1656300000000002,1.1660700000000002,2000,1.1660300000000001,1.16216,-16.279999999999852,2026-08-25 07:10:00+00:00,2026-08-25 08:15:00+00:00,stop,pyramid_im1.0_ob_m5,no_open,swing,d3,ifvg,D,True,240T,7.2,against,ahead,ifvg,7.2,against,1,3a,breakout,london_breakout,london,W,W,False,3,1,60T|15T,0,False,60T,,False,1,60T,,,False,False,False,False,,False,,,,,,,,,,,,,,,,,False,False,confirmed,against,,,,,,,,,,,,,,,0,,0,,False,0,3,True,False,0,True,False,False,True,,,equal_hl,1.157055,0,5.3,4.9,8.6,165.6,324.2,352.8
EURUSD,1,-1,1.16764,1.1666800000000002,2876,1.1666400000000001,1.16216,51.07775999999201,2026-08-24 08:00:00+00:00,2026-08-25 09:45:00+00:00,stop,mss_ob_m5,momentum,swing,d3,ifvg,D,True,240T,7.2,against,ahead,ifvg,7.2,against,1,3a,breakout,london_breakout,london,W,W,False,3,1,60T|15T,0,False,60T,,False,1,60T,,,False,False,False,False,,False,,,,,,,,,,,,,,,,,False,False,confirmed,against,,,,,,,,,,,,,,,0,,0,,False,0,3,True,False,0,True,False,False,True,,,equal_hl,1.157055,0,25.4,4.9,8.6,165.6,324.2,352.8
NZDUSD,1,-1,0.5854849999999999,0.58556,2421,0.5854849999999999,0.582225,-3.359137500002116,2026-09-08 08:00:00+00:00,2026-09-08 14:00:00+00:00,stop,amd_ob_m5,momentum,equal_hl,d3,ifvg,D,True,D,6.0,against,ahead,ifvg,6.0,against,2,N-short,judas,london_judas,london,,,False,4,2,W,-1,False,W,,False,1,60T,,,False,False,True,False,,True,single,6.8,8.0,2.0,5.0,high,1.0,True,2026-09-07 23:00:00+00:00,2026-09-08 00:45:00+00:00,2026-09-08 01:00:00+00:00,2026-09-08 01:00:00+00:00,True,discount,pdh,m15_range,False,False,,,,,,,,,,,,,,,,,0,,0,,False,0,4,True,False,0,True,False,True,True,continuation,pdhl,equal_hl,0.5828300000000001,0,19.3,2.0,0.1,,54.4,215.7
GBPUSD,1,1,1.35569,1.35466,2000,1.35471,1.35893,-38.1100000000032,2026-09-09 07:00:00+00:00,2026-09-09 09:05:00+00:00,stop,amd_ob_m5,momentum,swing,d3,,,True,240T,0.0,against,inside,ifvg,0.0,against,1,2b,breakout,london_judas,london,,,False,1,2,D,1,False,D,D|60T,False,0,,,,False,False,False,False,,True,single,23.7,12.0,3.0,2.0,low,2.2,True,2026-09-08 14:30:00+00:00,2026-09-08 17:15:00+00:00,2026-09-08 17:45:00+00:00,2026-09-08 17:45:00+00:00,False,premium,val,m15_range,False,False,,against,,,,,,,,,,,,,,,0,,0,,False,0,2,False,False,0,True,False,False,True,,,equal_hl,1.35595,0,10.8,,5.8,99.8,119.6,119.6
EURUSD,1,-1,1.1622000000000001,1.1614500000000003,2000,1.1612000000000002,1.1589099999999999,27.749999999992838,2026-09-10 12:45:00+00:00,2026-09-10 13:30:00+00:00,stop,news_fvg_m5,momentum,fib_extension,d3,,,False,,60.6,against,ahead,ob,59.2,against,0,3a,breakout,ny_judas,ny,,240T,False,3,0,,0,False,,,False,0,,,,False,False,False,False,,True,dual,16.0,63.0,9.0,2.0,high,0.7,True,2026-09-09 16:45:00+00:00,2026-09-10 08:15:00+00:00,2026-09-10 08:30:00+00:00,2026-09-10 08:35:00+00:00,False,discount,eqh,m15_range,False,False,,against,,,,,,,,,,,,,,,0,,0,,False,0,2,False,False,0,True,False,False,True,,,equal_hl,1.16076,0,24.7,,17.7,49.2,113.3,271.9
EURUSD,1,-1,1.15933,1.15937,2253,1.15933,1.155,-1.6672200000016675,2026-09-11 11:15:00+00:00,2026-09-11 13:30:00+00:00,stop,mss_ob_m5,momentum,round_number,d3,fvg,D,True,D,31.9,against,ahead,ob,30.5,against,1,1b,judas,ny_judas,ny,,,False,2,1,240T|15T,0,False,240T,60T,False,0,,,,False,False,False,False,,True,single,,,,,,,,,,,,,discount,,,False,False,,against,,,,,,,,,,,,,,,0,,0,,False,0,3,False,False,1,True,False,False,True,,,equal_hl,1.15884,0,24.0,,2.1,18.4,82.5,241.1
EURUSD,1,-1,1.15646,1.1531205800000002,2284,1.1554600000000002,1.1530805800000001,141.10385267999453,2026-09-14 07:00:00+00:00,2026-09-14 13:35:00+00:00,target,amd_fvg_h1,judas,fib_extension,near,ob,240T,True,D,3.2,against,ahead,ob,1.8,against,2,1b,breakout,london_judas,london,,,False,2,1,240T|60T|15T,0,False,240T,,False,1,60T,,,False,False,True,False,,False,,33.5,31.0,5.0,5.0,high,-25.4,True,2026-09-13 23:15:00+00:00,2026-09-14 06:45:00+00:00,2026-09-14 07:00:00+00:00,2026-09-14 07:00:00+00:00,,,,session_range,False,False,,against,,,,,,,,,,,,,,,0,,0,,False,0,3,True,False,0,True,False,False,True,,,equal_hl,1.15394,0,34.3,,,,53.8,212.4
GBPUSD,1,-1,1.34864,1.3476900000000003,2000,1.3476400000000002,1.34539,35.14999999999202,2026-09-14 13:20:00+00:00,2026-09-14 14:20:00+00:00,stop,amd_ob_m5,judas,swing,d30,ob,240T,False,,50.5,with,behind,ifvg,50.5,with,1,1a_ip,judas,ny_judas,ny,,,True,2,2,W|240T|60T|15T,-1,False,W,,False,1,60T,,,False,False,False,False,,True,single,14.6,8.0,2.0,2.0,high,3.4,True,2026-09-14 10:30:00+00:00,2026-09-14 12:15:00+00:00,2026-09-14 12:30:00+00:00,2026-09-14 12:40:00+00:00,,,,m15_range,False,False,opposing,golden,,,,,,,,,,,,,,,0,,0,,False,0,4,True,False,0,True,False,True,True,continuation,w_fvg,equal_hl,1.3461599999999998,0,22.6,14.5,7.3,13.1,13.2,214.1
GBPUSD,1,-1,1.34743,1.34748,7812,1.34743,1.3434,-7.226100000015249,2026-09-15 07:05:00+00:00,2026-09-15 08:10:00+00:00,stop,amd_fvg_m5,momentum,swing,d30,ob,240T,False,,62.6,with,behind,ifvg,62.6,with,1,1a,judas,london_judas,london,,,False,4,2,W|240T|60T|15T,-1,False,W,240T,False,0,,,,False,False,False,False,,True,single,30.5,11.0,3.0,2.0,high,4.1,True,2026-09-14 16:15:00+00:00,2026-09-14 18:45:00+00:00,2026-09-14 19:30:00+00:00,2026-09-14 19:35:00+00:00,False,discount,eqh,m15_range,False,False,,golden,,,,,,,,,,,,,,,0,,0,,False,0,4,True,False,0,True,False,True,True,continuation,d1_fvg,equal_hl,1.346385,0,10.4,,11.5,1.0,11.5,202.0
EURUSD,2,1,1.1483299999999999,1.14729,5000,1.14733,1.1578,-96.19999999999351,2026-09-17 07:50:00+00:00,2026-09-17 08:50:00+00:00,stop,pyramid_im0.8_fvg_m15,no_open,swing,near,ifvg,D,True,240T,32.4,with,behind,fvg,32.4,with,1,3b,breakout,london_judas,london,W,,False,3,0,,0,False,,,False,0,,,,False,False,False,False,,False,,9.6,9.0,5.0,2.0,low,3.3,True,2026-09-16 22:15:00+00:00,2026-09-17 00:15:00+00:00,2026-09-17 03:30:00+00:00,2026-09-17 03:35:00+00:00,True,discount,pdl,m15_range,False,False,,golden,,,,,,,,,,,,,,,0,,0,,False,0,3,False,False,1,True,False,False,True,,,equal_hl,1.1538766666666667,0,0.2,7.9,129.9,175.5,245.8,245.8
EURUSD,2,1,1.14837,1.1483299999999999,2000,1.14837,1.1578,-1.4800000000014801,2026-09-17 13:10:00+00:00,2026-09-17 16:10:00+00:00,stop,pyramid_im0.8_fvg_m5,no_open,swing,near,ifvg,D,True,240T,32.4,with,behind,fvg,32.4,with,1,3b,breakout,london_judas,london,W,,False,3,0,,0,False,,,False,0,,,,False,False,False,False,,False,,9.6,9.0,5.0,2.0,low,3.3,True,2026-09-16 22:15:00+00:00,2026-09-17 00:15:00+00:00,2026-09-17 03:30:00+00:00,2026-09-17 03:35:00+00:00,True,discount,pdl,m15_range,False,False,,golden,,,,,,,,,,,,,,,0,,0,,False,0,3,False,False,1,True,False,False,True,,,equal_hl,1.1538766666666667,0,14.0,7.9,129.9,175.5,245.8,245.8
EURUSD,1,1,1.14666,1.1476199999999999,9765,1.14766,1.1578,173.4263999999729,2026-09-17 07:00:00+00:00,2026-09-17 16:45:00+00:00,stop,amd_ob_m5,judas,swing,near,ifvg,D,True,240T,32.4,with,behind,fvg,32.4,with,1,3b,breakout,london_judas,london,W,,False,3,0,,0,False,,,False,0,,,,False,False,False,False,,False,,9.6,9.0,5.0,2.0,low,3.3,True,2026-09-16 22:15:00+00:00,2026-09-17 00:15:00+00:00,2026-09-17 03:30:00+00:00,2026-09-17 03:35:00+00:00,True,discount,pdl,m15_range,False,False,,golden,,,,,,,,,,,,,,,0,,0,,False,0,3,False,False,1,True,False,False,True,,,equal_hl,1.1538766666666667,0,31.1,7.9,129.9,175.5,245.8,245.8
EURUSD,1,-1,1.14796,1.1470000000000002,15625,1.1469600000000002,1.144295,277.4999999999566,2026-09-18 11:30:00+00:00,2026-09-18 13:55:00+00:00,stop,amd_ob_m5,momentum,equal_hl,d30,fvg,W,False,,18.1,with,behind,fvg,18.1,with,2,3a,judas,ny_judas,ny,,,False,4,1,240T|60T,0,False,240T,240T,False,1,60T,,,False,False,True,False,,True,single,32.4,37.0,2.0,4.0,high,2.1,True,2026-09-17 05:45:00+00:00,2026-09-17 14:45:00+00:00,2026-09-17 15:00:00+00:00,2026-09-17 15:05:00+00:00,True,discount,pdh,m15_range,False,False,confirmed,against,,,,,,,,,,,,,,,0,,0,,False,0,3,False,False,1,True,False,False,True,,,equal_hl,1.145535,0,24.9,7.1,25.6,,25.6,127.4
EURUSD,1,1,1.1483299999999999,1.1482899999999998,7812,1.1483299999999999,1.1520000000000001,-5.780880000005782,2026-09-21 12:15:00+00:00,2026-09-21 14:05:00+00:00,stop,amd_ob_m5,momentum,round_number,d3,fvg,D,True,240T,14.4,against,ahead,fvg,14.4,against,1,3b,judas,ny_judas,ny,,240T,False,1,0,,0,False,,,False,1,60T,240T,,False,False,False,False,,True,single,17.9,46.0,4.0,4.0,low,0.1,True,2026-09-18 20:30:00+00:00,2026-09-21 07:45:00+00:00,2026-09-21 08:00:00+00:00,2026-09-21 08:10:00+00:00,,,,m15_range,False,False,confirmed,golden,,,,,,,,,,,,,,,0,,0,,False,0,3,True,False,0,True,False,False,True,,,equal_hl,1.1490733333333332,0,12.4,3.2,15.3,171.7,229.1,229.1
EURUSD,1,-1,1.1456300000000001,1.1456700000000002,15625,1.1456300000000001,1.1419363600000003,-11.562500000011564,2026-09-22 08:30:00+00:00,2026-09-22 09:50:00+00:00,stop,amd_fvg_m15,momentum,fib_extension,d30,ifvg,D,True,D,22.1,against,ahead,fvg,22.1,against,2,3a,breakout,london_judas,london,,240T,False,4,2,W|240T,-1,False,W,W|240T,False,0,,D,,False,False,True,False,,True,single,33.8,94.0,2.0,2.0,high,5.0,True,2026-09-18 13:30:00+00:00,2026-09-21 12:45:00+00:00,2026-09-21 13:00:00+00:00,2026-09-21 13:05:00+00:00,True,discount,pdh,m15_range,False,False,,against,,,,,,,,,,,,,,,0,,0,,False,0,3,True,False,0,True,False,False,True,,,equal_hl,1.143175,0,22.6,,2.5,,2.5,104.1
EURUSD,1,-1,1.13765,1.13869,12500,1.13865,1.13333,-240.49999999998377,2026-09-28 07:00:00+00:00,2026-09-28 09:00:00+00:00,stop,amd_m1_shift_ob,golden,itl_liquidity,,,,False,,22.6,with,behind,fvg,22.6,with,2,golden,mm_golden,london_golden,london,,,False,1,0,,0,False,,,False,0,,,,False,False,False,False,,False,,19.5,28.0,5.0,2.0,high,,True,,,,,,,,m15_range,False,False,,golden,own_ob,,respected,15T,1b,15T,ob,,,s3:noref:gu,,1.1387,1.13906,60T,0,,0,,True,2,4,True,True,0,True,False,False,True,,,equal_hl,1.1374499999999999,0,5.4,0.0,0.0,0.0,0.0,0.0
EURUSD,1,-1,1.13425,1.13529,10000,1.1352499999999999,1.1311,-192.39999999998702,2026-09-29 08:30:00+00:00,2026-09-29 12:50:00+00:00,stop,amd_ob_m5,momentum,fib_extension,near,,,False,,56.6,with,behind,fvg,56.6,with,2,1b,breakout,london_judas,london,,,False,1,2,W|240T|60T|15T,-1,False,W,W|240T|60T,False,1,60T,D,,False,False,True,False,,True,single,19.2,40.0,13.0,2.0,high,-7.6,True,2026-09-28 21:00:00+00:00,2026-09-29 06:45:00+00:00,2026-09-29 07:00:00+00:00,2026-09-29 07:10:00+00:00,False,discount,eqh,session_range,False,False,,against,,,,,,,,,,,,,,,0,,0,,False,0,3,True,True,0,True,False,False,False,,,,0.0,0,10.2,,,,,
